id,body part,target_area,name,equipment,level,description,gif_link
1,chest,Middle Chest,Flat Barbell Bench Press,Barbell,Intermediate,Classic compound press that builds mass in the mid chest.,https://i0.wp.com/www.strengthlog.com/wp-content/uploads/2021/09/bench-press.gif
2,chest,Upper Chest,Incline Barbell Bench Press,Barbell,Intermediate,Performed on a 30–45° bench to emphasize the upper fibers.,https://www.strengthlog.com/wp-content/uploads/2020/03/Incline-Bench-Press.gif
3,chest,Lower Chest,Decline Barbell Bench Press,Barbell,Intermediate,Barbell press on a decline bench to hit the lower pectorals.,https://i0.wp.com/www.strengthlog.com/wp-content/uploads/2020/03/Decline-Bench-Press.gif
4,chest,Upper Chest,Reverse-Grip Bench Press,Barbell,Advanced,Reverse grip shifts focus to the upper chest and reduces shoulder stress.,https://www.strengthlog.com/wp-content/uploads/2024/11/Smithmachinereverse-grip-bench-press.gif
5,chest,Upper Chest,Guillotine Press (Neck Press),Barbell,Advanced,Bar is lowered toward the neck; high activation of upper pecs (requires caution).,https://barbend.com/wp-content/uploads/2023/04/guillotine-press-barbend-movement-gif-masters.gif
6,chest,Inner Chest,Close-Grip Bench Press,Barbell,Intermediate,Closer hand spacing targets inner chest and triceps.,https://i0.wp.com/www.strengthlog.com/wp-content/uploads/2020/02/Smalb%C3%A4nk.gif
7,chest,Middle Chest,Flat Dumbbell Press,Dumbbell,Intermediate,Free-weight version of bench press for balance and control.,https://i0.wp.com/www.strengthlog.com/wp-content/uploads/2020/03/Dumbbell-Chest-Press.gif
8,chest,Upper Chest,Incline Dumbbell Press,Dumbbell,Intermediate,Focuses on the upper chest with more freedom of motion.,https://www.strengthlog.com/wp-content/uploads/2020/03/Dumbbell-Incline-Press.gif
9,chest,Lower Chest,Decline Dumbbell Press,Dumbbell,Intermediate,Dumbbell version to isolate the lower chest fibers.,https://workouts4fitness.files.wordpress.com/2017/05/decline-dumbbell-bench-press1.gif
10,chest,Inner Chest,Dumbbell Fly,Dumbbell,Beginner,Isolation move focusing on the chest contraction at the top.,https://i0.wp.com/www.strengthlog.com/wp-content/uploads/2020/02/Reverse-dumbbell-flyes.gif
11,chest,Upper Chest,Incline Dumbbell Fly,Dumbbell,Beginner,Stretch and contract upper chest with dumbbells on an incline.,https://i0.wp.com/www.strengthlog.com/wp-content/uploads/2020/03/Dumbbell-Chest-Fly.gif
12,chest,Lower Chest,Decline Dumbbell Fly,Dumbbell,Beginner,Stretch lower pec fibers; excellent finisher.,https://barbend.com/wp-content/uploads/2022/01/decline-dumbbell-flye-barbend-movement-gif-masters.gif
13,chest,Inner Chest,Squeeze Press,Dumbbell,Intermediate,Press dumbbells together while lifting to emphasize inner pecs.,https://burnfit.io/wp-content/uploads/2023/11/DB_SQUEEZE_PRESS.gif
14,chest,Upper Chest,Pullover,Dumbbell,Intermediate,Expands rib cage and strengthens chest-lat connection.,https://i0.wp.com/www.strengthlog.com/wp-content/uploads/2020/03/Dumbbell-Pullover.gif
15,chest,Lower Chest,Cable Crossover (High to Low),Cable,Intermediate,Pull cables from high to low to work lower pecs.,https://burnfit.io/wp-content/uploads/2023/11/CROSS_OVER.gif
16,chest,Upper Chest,Cable Crossover (Low to High),Cable,Intermediate,Pull cables upward to engage upper chest.,https://www.barbellmedicine.com/wp-content/uploads/2025/07/lowtohighcableflye.gif
17,chest,Middle Chest,Cable Fly (Mid-Level),Cable,Beginner,Pull cables horizontally to hit the central chest area.,https://www.barbellmedicine.com/wp-content/uploads/2025/07/cableflye.gif
18,chest,Inner Chest,Single Arm Cable Crossover,Cable,Intermediate,Focuses contraction on inner chest by crossing arm fully.,https://i0.wp.com/www.strengthlog.com/wp-content/uploads/2022/10/resistance-band-chest-fly-ezgif.gif
19,chest,Middle Chest,Standing Cable Press,Cable,Beginner,Mimics dumbbell press while maintaining tension.,https://greenphysique.com/wp-content/uploads/2022/03/Cable-Chest-Press-Freemotion.gif
20,chest,Upper Chest,Incline Cable Press,Cable,Intermediate,Bench at 30–45° angle with low pulley start point.,https://i.makeagif.com/media/5-07-2021/VgHhoA.gif
21,chest,Middle Chest,Chest Press Machine,Machine,Beginner,Safe version of bench press for controlled pressing.,https://i0.wp.com/www.strengthlog.com/wp-content/uploads/2020/03/machine-chest-press.gif
22,chest,Upper Chest,Incline Chest Press Machine,Machine,Beginner,Machine-based press at incline angle.,https://greenphysique.com/wp-content/uploads/2022/03/Incline-Chest-Press-Machine.gif
23,chest,Lower Chest,Decline Chest Press Machine,Machine,Beginner,Targets lower chest with stable support.,https://burnfit.io/wp-content/uploads/2023/11/DEC_CHEST_MAC.gif
24,chest,Inner Chest,Pec Deck Fly,Machine,Beginner,Focus on squeezing pecs together at end of movement.,https://burnfit.io/wp-content/uploads/2023/11/PEC_DECK_MC.gif
25,chest,Middle Chest,Seated Chest Press (Hammer Strength),Machine,Intermediate,Plate-loaded version mimicking dumbbell press.,https://timshevlin.com/wp-content/uploads/2022/01/Chest-Press-on-Chest-Press-Machine-2.gif
26,chest,Upper Chest,Incline Hammer Press,Machine,Intermediate,Machine-based incline press with neutral grip.,https://cdn.jefit.com/assets/img/exercises/gifs/178.gif
27,chest,Middle Chest,Push-Up,Bodyweight,Beginner,Fundamental chest exercise with full range motion.,https://hips.hearstapps.com/hmg-prod/images/pushup-1462808858.gif
28,chest,Upper Chest,Decline Push-Up (Feet Elevated),Bodyweight,Beginner,Elevate feet to shift focus upward.,https://hips.hearstapps.com/hmg-prod/images/workouts/2016/03/feetelevatedpushup-1457047025.gif
29,chest,Lower Chest,Incline Push-Up (Hands Elevated),Bodyweight,Beginner,Hands on a bench to hit the lower pecs.,https://hips.hearstapps.com/hmg-prod/images/workouts/2016/03/handselevatedpushup-1457044517.gif
30,chest,Lower Chest,Dips (Forward Lean),Bodyweight,Intermediate,Lean forward to target the lower chest fibers.,https://i0.wp.com/www.strengthlog.com/wp-content/uploads/2020/02/Dips.gif
31,chest,Middle Chest,Wide Push-Up,Bodyweight,Beginner,Wider hand placement emphasizes outer and mid chest.,https://hips.hearstapps.com/hmg-prod/images/workouts/2017/10/widegrippushup-1508248881.gif
32,chest,Inner Chest,Diamond Push-Up,Bodyweight,Intermediate,Hands together forming a diamond to work inner chest.,https://images.ctfassets.net/6ilvqec50fal/3hTY3FIEwYdNloN5V3HL7G/26e28de169b01e5e79332e5418803470/Diamond_Push-Up_GIF.gif
33,chest,Middle Chest,Resistance Band Chest Press,Band,Beginner,Simulates bench press motion using resistance bands.,https://gymbeam.cz/blog/wp-content/uploads/2021/10/08-Tlaky-s-gumou-na-hrudnik_2.gif
34,chest,Upper Chest,Resistance Band Incline Press,Band,Beginner,Anchor band low and press upward.,https://cdn.shopify.com/s/files/1/0655/4832/1000/files/unnamed_d24715f5-456a-490c-8065-0f0932fa7739_480x480.gif
35,chest,Inner Chest,Resistance Band Crossover,Band,Beginner,Cross arms in front to hit the inner pecs.,https://i.pinimg.com/originals/9e/15/aa/9e15aa811fc3ba95ba692846194565ed.gif
36,chest,Upper Chest,Landmine Press,Barbell (Landmine),Intermediate,Press at an upward angle using landmine setup.,https://cdn.shopify.com/s/files/1/0250/0362/2496/files/334.gif
37,back,Middle Back,Barbell Bent-Over Row,Barbell,Intermediate,Classic back builder that targets the middle back and lats.,https://hips.hearstapps.com/hmg-prod/images/workouts/2016/03/barbellrow-1457038583.gif
38,back,Lower Back,Barbell Deadlift,Barbell,Advanced,"Compound lift engaging the lower back, traps, and overall posterior chain.",https://hips.hearstapps.com/hmg-prod/images/workouts/2016/03/barbelldeadlift-1457038089.gif
39,back,Middle Back,Pendlay Row,Barbell,Advanced,Strict barbell row from the floor focusing on explosive pulling power.,https://barbend.com/wp-content/uploads/2022/05/pendlay-row-barbend-movement-gif-masters-2.gif
40,back,Middle / Upper Back,T-Bar Row,Barbell,Intermediate,Thickens middle back and develops overall density.,https://i0.wp.com/www.strengthlog.com/wp-content/uploads/2020/04/t-bar-row-machine.gif
41,back,Traps,Barbell Shrug,Barbell,Beginner,Targets upper traps for building thickness.,https://i0.wp.com/www.strengthlog.com/wp-content/uploads/2020/03/Barbell-Shrug.gif
42,back,Lower Back / Traps,Rack Pull,Barbell,Advanced,Partial deadlift movement focusing on traps and spinal erectors.,https://www.strengthlog.com/wp-content/uploads/2020/02/Rack-pull.gif
43,back,Lats / Middle Back,One-Arm Dumbbell Row,Dumbbell,Intermediate,Single-arm movement focusing on lats and mid-back thickness.,https://hips.hearstapps.com/hmg-prod/images/workouts/2017/10/singlearmrow-1509461862.gif
44,back,Lower Back,Dumbbell Deadlift,Dumbbell,Intermediate,Deadlift variation targeting erector spinae and traps.,https://hips.hearstapps.com/hmg-prod/images/workouts/2016/03/dumbbelldeadlift-1457044319.gif
45,back,Upper Back / Lats,Incline Dumbbell Row,Dumbbell,Intermediate,Row on incline bench to isolate upper and mid-back.,https://hips.hearstapps.com/hmg-prod/images/workouts/2017/04/chestsupportedrow-1492110815.gif
46,back,Lats,Dumbbell Pullover,Dumbbell,Beginner,Isolation movement for expanding the rib cage and stretching lats.,https://i0.wp.com/www.strengthlog.com/wp-content/uploads/2020/03/Dumbbell-Pullover.gif
47,back,Traps,Dumbbell Shrug,Dumbbell,Beginner,Effective for developing upper traps.,https://i0.wp.com/www.strengthlog.com/wp-content/uploads/2020/03/Dumbbell-Shrug.gif
48,back,Middle Back,Seated Cable Row,Cable,Beginner,Controlled row for mid-back and rhomboid activation.,https://barbend.com/wp-content/uploads/2023/03/seated-cable-row-barbend-movement-gif-masters.gif
49,back,Lats / Upper Back,Lat Pulldown (Wide Grip),Cable,Beginner,Targets lats and upper back width.,https://cdn.shopify.com/s/files/1/0250/0362/2496/files/1312.gif
50,back,Middle Back / Lats,Lat Pulldown (Close Grip),Cable,Beginner,Emphasizes inner lats and middle back thickness.,https://cdn.shopify.com/s/files/1/0250/0362/2496/files/1206.gif
51,back,Lats,Straight Arm Pulldown,Cable,Intermediate,Isolation movement focusing on lat stretch and contraction.,https://barbend.com/wp-content/uploads/2023/03/straight-arm-pulldown-barbend-movement-gif-masters.gif
52,back,Upper Back / Traps,Face Pull,Cable,Intermediate,"Strengthens rear delts, traps, and upper back.",https://i0.wp.com/www.strengthlog.com/wp-content/uploads/2020/05/face-pull.gif
53,back,Lower Lats,Reverse Grip Seated Row,Cable,Intermediate,Variation for lower lats activation and better contraction.,https://images.ctfassets.net/8urtyqugdt2l/62LjewN1EzigoqsROGQQwY/c1c7583d35f8f4ee4090f7ea2d2236c5/ezgif.com-gif-maker__14_.gif
54,back,Middle Back,Machine Row,Machine,Beginner,Stable rowing motion to build mid-back safely.,https://burnfit.io/wp-content/uploads/2023/11/MC_LOW.gif
55,back,Middle Back / Lats,Hammer Strength Row,Machine,Intermediate,Plate-loaded machine to develop mid and upper back.,https://greenphysique.com/wp-content/uploads/2022/03/Overhand-Grip-One-Arm-Row-Machine.gif
56,back,Lats / Upper Back,Machine Lat Pulldown,Machine,Beginner,Controlled vertical pull for lats and upper back width.,https://burnfit.io/wp-content/uploads/2023/11/LAT_PULL_DOWN.gif
57,back,Upper Back / Traps,Reverse Pec Deck (Rear Delt Fly Machine),Machine,Beginner,Works rear delts and traps for upper back development.,https://barbend.com/wp-content/uploads/2022/11/reverse-flye-on-peck-deck.gif
58,back,Lower Back,Lower Back Extension (Hyperextension),Machine,Beginner,Strengthens spinal erectors and lower back stability.,https://media1.tenor.com/m/Fsu8AmbXPl0AAAAC/back-extension.gif
59,back,Lats / Upper Back,Pull-Up (Wide Grip),Bodyweight,Intermediate,Excellent compound movement for back width.,https://media.giphy.com/media/jVZFKDqkbxDEkbfGUA/giphy.gif
60,back,Lats / Middle Back,Chin-Up (Underhand Grip),Bodyweight,Intermediate,Focuses on lower lats and biceps involvement.,https://cdn.jefit.com/assets/img/exercises/gifs/1263.gif
61,back,Middle Back,Inverted Row,Bodyweight,Beginner,Horizontal pull for mid-back and scapular control.,https://hips.hearstapps.com/hmg-prod/images/workouts/2016/03/invertedrow-1457101739.gif
62,back,Lower Back,Back Extension (Floor or Bench),Bodyweight,Beginner,Bodyweight version of hyperextension for lower back.,https://www.inspireusafoundation.org/file/2022/05/floor-back-extensions.gif
63,back,Middle Back,Resistance Band Row,Band,Beginner,Simulates cable row for mid-back development.,https://cdn.shopify.com/s/files/1/0655/4832/1000/files/IMG_0440_MOV_AdobeExpress_2be53195-ec39-4818-891e-3e6d12605f40.gif
64,back,Lats,Resistance Band Pulldown,Band,Beginner,Alternative to cable pulldown focusing on lats.,https://www.inspireusafoundation.org/file/2022/10/band-lat-pulldown.gif
65,back,Traps / Upper Back,Resistance Band Face Pull,Band,Beginner,Strengthens traps and upper back with controlled tension.,https://hips.hearstapps.com/hmg-prod/images/workouts/2016/12/bandfacepull-1480628546.gif
66,back,Lower Back,Good Morning (Resistance Band),Band,Intermediate,Targets erector spinae for spinal stability and lower back strength.,https://biqbandtraining.com/wp-content/uploads/2020/05/Good-Morning-gif.gif
67,shoulder,Front Delts / Lateral Delts,Overhead Press (Barbell),Barbell,Intermediate,Classic compound press for overall shoulder development.,https://i0.wp.com/www.strengthlog.com/wp-content/uploads/2020/12/Overhead-press-exercise.gif
68,shoulder,Rear Delts / Traps,Behind-the-Neck Press,Barbell,Advanced,Targets rear delts and traps; requires good mobility.,https://i.makeagif.com/media/3-28-2018/Zt4u_1.gif
69,shoulder,Front Delts,Front Raise (Barbell),Barbell,Beginner,Isolation movement for front shoulders.,https://i0.wp.com/www.strengthlog.com/wp-content/uploads/2020/03/Barbell-Front-Raise.gif
70,shoulder,Lateral Delts / Traps,Upright Row (Barbell),Barbell,Intermediate,Pull bar to chin level to target traps and side delts.,https://cdn.shopify.com/s/files/1/0618/9462/3460/files/2-2_2021-07.gif
71,shoulder,Front Delts / Traps,Push Press,Barbell,Advanced,Explosive press using leg drive to lift heavier weight overhead.,https://www.strengthlog.com/wp-content/uploads/2020/03/Push-Press.gif
72,shoulder,Front Delts / Lateral Delts,Dumbbell Shoulder Press,Dumbbell,Intermediate,Free-weight version of overhead press for balanced shoulder development.,https://barbend.com/wp-content/uploads/2023/10/seated-dumbbell-shoulder-press-barbend-movement-gif-masters-2.gif
73,shoulder,Front Delts / Lateral Delts,Arnold Press,Dumbbell,Intermediate,Rotational dumbbell press engaging all parts of the shoulder.,https://barbend.com/wp-content/uploads/2023/12/arnold-press-barbend-movement-gif-masters.gif
74,shoulder,Front Delts,Front Dumbbell Raise,Dumbbell,Beginner,Raises dumbbells forward to isolate the anterior deltoid.,https://www.strengthlog.com/wp-content/uploads/2020/03/Dumbbell-Front-Raise.gif
75,shoulder,Lateral Delts,Lateral Dumbbell Raise,Dumbbell,Beginner,Raises dumbbells to the sides to widen shoulder appearance.,https://i0.wp.com/www.strengthlog.com/wp-content/uploads/2020/12/Dumbbell-Lateral-Raise.gif
76,shoulder,Rear Delts / Traps,Bent-Over Reverse Fly,Dumbbell,Intermediate,Isolates the rear deltoid and upper traps.,https://www.strengthlog.com/wp-content/uploads/2020/02/Reverse-dumbbell-flyes.gif
77,shoulder,Traps,Dumbbell Shrug,Dumbbell,Beginner,Targets upper traps with full contraction at the top.,https://www.strengthlog.com/wp-content/uploads/2020/03/Dumbbell-Shrug.gif
78,shoulder,Lateral Delts,Cable Lateral Raise,Cable,Intermediate,Constant tension on side delts during the raise.,https://i.makeagif.com/media/3-31-2024/iG9zzu.gif
79,shoulder,Front Delts,Cable Front Raise,Cable,Beginner,Smooth cable movement isolates anterior deltoid.,https://i0.wp.com/www.strengthlog.com/wp-content/uploads/2025/04/cable-front-raise.gif
80,shoulder,Rear Delts / Traps,Reverse Cable Fly (Crossover),Cable,Intermediate,Pull cables apart to target rear delts.,https://framerusercontent.com/images/XaBaC1Ethi7WQIErt3d39t4ci90.gif
81,shoulder,Rear Delts / Traps,Face Pull (Rope Attachment),Cable,Intermediate,"Strengthens rear delts, traps, and rotator cuff.",https://i.pinimg.com/originals/64/b8/65/64b865cac817f257f94bb26eab1f9531.gif
82,shoulder,Lateral Delts / Traps,Cable Upright Row,Cable,Intermediate,Pull cable upward for traps and delts activation.,https://hips.hearstapps.com/hmg-prod/images/workouts/2017/04/uprightrow-1491252369.gif
83,shoulder,Front Delts / Lateral Delts,Seated Shoulder Press Machine,Machine,Beginner,Safe and stable press for shoulder development.,https://www.strengthlog.com/wp-content/uploads/2020/03/machine-shoulder-press.gif
84,shoulder,Lateral Delts,Machine Lateral Raise,Machine,Beginner,Isolates side delts in a controlled motion.,https://burnfit.io/wp-content/uploads/2023/11/LAT_RAISE_MC.gif
85,shoulder,Rear Delts / Traps,Rear Delt Machine Fly,Machine,Beginner,Targets the posterior delts and upper traps.,https://blogger.googleusercontent.com/img/b/R29vZ2xl/AVvXsEiEr17LhDHZSueKaPmbjA4kPk2Ck9ipGpRPcD5ZoiikVWgXbXqMNHxD9vB4ukveQ2ccBI0cHOwio00Ly1IVdCu0A0MHBiGwZDuZyQl35RDWyFoBXPmU1Y-8kF6xqQnqdU-ewiatEdUvCDXKKAePeqnjDv5XYBCU7O6iLqDwz2wfKgSpjsvd-hkZ9ycg/s444/reardeltfly.gif
86,shoulder,Front Delts / Lateral Delts,Smith Machine Overhead Press,Smith Machine,Intermediate,Guided press for shoulders; stable and safe.,https://www.strengthlog.com/wp-content/uploads/2020/04/smith-machine-shoulder-press.gif
87,shoulder,Front Delts,Pike Push-Up,Bodyweight,Intermediate,Bodyweight press variation focusing on front shoulders.,https://hips.hearstapps.com/hmg-prod/images/workouts/2016/03/pikepushup-1456956895.gif
88,shoulder,Front Delts / Traps,Handstand Push-Up,Bodyweight,Advanced,Challenging movement building overhead pressing strength.,https://www.inspireusafoundation.org/file/2023/02/handstand-pushup.gif
89,shoulder,Rear Delts / Traps,Inverted Row to Face Pull,Bodyweight,Intermediate,Combination movement for traps and rear delts.,https://fitnessprogramer.com/wp-content/uploads/2021/06/Inverted-Row.gif
90,shoulder,Front Delts,Resistance Band Front Raise,Band,Beginner,Simulates front dumbbell raise using resistance bands.,https://gymvisual.com/img/p/5/6/9/1/5691.gif
91,shoulder,Lateral Delts,Resistance Band Lateral Raise,Band,Beginner,Simulates dumbbell lateral raise with band resistance.,https://gymvisual.com/img/p/6/9/7/5/6975.gif
92,shoulder,Rear Delts / Traps,Resistance Band Pull Apart,Band,Beginner,Simple but effective rear delt and trap activator.,https://www.strengthlog.com/wp-content/uploads/2020/04/Band-Pull-Apart.gif
93,shoulder,Traps / Lateral Delts,Farmerâ€™s Carry,Functional,Intermediate,Hold heavy weights and walk to strengthen traps and stabilizers.,https://barbend.com/wp-content/uploads/2024/02/farmers-carry-with-dumbbells-barbend-movement-gif-masters.gif
94,shoulder,Front Delts / Traps,Overhead Carry,Functional,Advanced,Walk with weights overhead for shoulder stability and strength.,https://liftmanual.com/wp-content/uploads/2023/04/dumbbell-overhead-carry.gif
95,arms,Biceps,Barbell Curl,Barbell,Beginner,Classic curl focusing on the main biceps muscle.,https://www.strengthlog.com/wp-content/uploads/2020/12/Barbell-biceps-curl.gif
96,arms,Biceps,EZ Bar Curl,Barbell,Beginner,Reduces wrist strain while effectively targeting the biceps.,https://burnfit.io/wp-content/uploads/2023/11/EZB_CURL.gif
97,arms,Biceps,Reverse Grip Barbell Curl,Barbell,Intermediate,Overhand grip emphasizes forearms and brachialis.,https://hips.hearstapps.com/menshealth-uk/main/assets/reverseEZ.gif
98,arms,Biceps,Close-Grip Barbell Curl,Barbell,Intermediate,Focuses on inner head for peak bicep shape.,https://fitnessprogramer.com/wp-content/uploads/2022/07/close-grip-barbell-curl.gif
99,arms,Biceps,Drag Curl,Barbell,Intermediate,Keeps elbows back to isolate biceps with minimal shoulder involvement.,https://www.strengthlog.com/wp-content/uploads/2024/10/drag-curl.gif
100,arms,Biceps,Dumbbell Curl,Dumbbell,Beginner,Fundamental exercise for overall biceps growth.,https://i0.wp.com/www.strengthlog.com/wp-content/uploads/2020/02/Hantelcurl.gif
101,arms,Biceps,Alternating Dumbbell Curl,Dumbbell,Beginner,Allows better focus on each arm individually.,https://fitnessandbeast.com/wp-content/uploads/2018/10/Alternatin-Dumbbell-Curl.bk.gif
102,arms,Biceps,Hammer Curl,Dumbbell,Intermediate,Neutral grip targets brachialis and forearms.,https://hips.hearstapps.com/hmg-prod/images/workouts/2016/03/hammercurl-1456956209.gif
103,arms,Biceps,Concentration Curl,Dumbbell,Intermediate,Isolates biceps for peak contraction.,https://www.strengthlog.com/wp-content/uploads/2020/03/Concentration-curl.gif
104,arms,Biceps,Incline Dumbbell Curl,Dumbbell,Intermediate,Stretches biceps for full range of motion.,https://burnfit.io/wp-content/uploads/2023/11/INC_DB_CURL.gif
105,arms,Biceps,Zottman Curl,Dumbbell,Advanced,Combines curl and reverse curl for total arm development.,https://fitnessprogramer.com/wp-content/uploads/2021/04/zottman-curl.gif
106,arms,Biceps,Cross-Body Hammer Curl,Dumbbell,Intermediate,Emphasizes inner arm and forearm engagement.,https://hips.hearstapps.com/menshealth-uk/main/assets/hammer-curl.gif
107,arms,Biceps,Cable Curl,Cable,Beginner,Constant tension on biceps throughout the movement.,https://burnfit.io/wp-content/uploads/2023/11/CABLE_CURL.gif
108,arms,Biceps,Overhead Cable Curl,Cable,Intermediate,Curls with cables overhead for inner biceps focus.,https://fitnessprogramer.com/wp-content/uploads/2021/04/overhead-cable-curl.gif
109,arms,Biceps,Reverse Cable Curl,Cable,Intermediate,Targets forearms and deeper biceps muscles.,https://www.aleanlife.com/wp-content/uploads/2022/04/reverse-cable-curls.gif
110,arms,Biceps,Single Arm Cable Curl,Cable,Beginner,Isolates each bicep with controlled tension.,https://musclemagfitness.com/wp-content/uploads/one-arm-cable-curls-exercise.gif
111,arms,Biceps,Rope Hammer Curl (Cable),Cable,Intermediate,Uses rope handle to target inner arm and forearm.,https://musclemagfitness.com/wp-content/uploads/cable-rope-hammer-curl-exercise.gif
112,arms,Biceps,Preacher Curl Machine,Machine,Beginner,Strict form machine for isolating biceps.,https://burnfit.io/wp-content/uploads/2023/11/PREA_CURL_MAC.gif
113,arms,Biceps,Seated Curl Machine,Machine,Beginner,Supports arms and limits swinging for focused biceps work.,https://i.pinimg.com/originals/a3/ee/87/a3ee87bd489f2c3144bf8b22b3cce047.gif
114,arms,Biceps,Cable Preacher Curl,Machine,Intermediate,Cables provide tension through the full range of motion.,https://gymvisual.com/img/p/2/8/2/8/9/28289.gif
115,arms,Biceps,Machine Reverse Curl,Machine,Intermediate,Machine-assisted reverse curls for forearm emphasis.,https://gymvisual.com/img/p/2/7/9/3/5/27935.gif
116,arms,Biceps,Chin-Up (Underhand Grip),Bodyweight,Intermediate,Bodyweight exercise targeting biceps and back.,https://musclemagfitness.com/wp-content/uploads/chin-up-exercise.gif
117,arms,Biceps,Towel Chin-Up,Bodyweight,Advanced,Enhances grip and forearm strength with biceps activation.,https://gymvisual.com/img/p/3/3/3/5/5/33355.gif
118,arms,Biceps,Resistance Band Curl,Band,Beginner,Simulates dumbbell curl with adjustable resistance.,https://i.makeagif.com/media/1-16-2019/C5OTVv.gif
119,arms,Biceps,Resistance Band Hammer Curl,Band,Beginner,Neutral grip version for inner and forearm muscles.,https://hips.hearstapps.com/hmg-prod/images/workouts/2016/12/bandhammercurl-1480630337.gif
120,arms,Biceps,Reverse Band Curl,Band,Beginner,Overhand grip band curl for forearms and inner arm.,https://gymvisual.com/img/p/3/7/7/2/6/37726.gif
121,arms,Triceps,Close-Grip Bench Press,Barbell,Intermediate,Compound press that targets triceps while also involving chest and shoulders.,https://burnfit.io/wp-content/uploads/2023/11/CG_BB_BP.gif
122,arms,Triceps,Barbell Skull Crusher (Lying Triceps Extension),Barbell,Intermediate,Classic isolation movement that emphasizes triceps stretch.,https://i0.wp.com/www.strengthlog.com/wp-content/uploads/2020/03/Barbell-Lying-Tricep-Extension.gif
123,arms,Triceps,JM Press,Barbell,Advanced,Hybrid between close-grip press and skull crusher for maximum triceps overload.,https://i.makeagif.com/media/10-22-2024/etqy4S.gif
124,arms,Triceps,Overhead Barbell Extension,Barbell,Intermediate,Excellent stretch and contraction on the long head.,https://i0.wp.com/www.strengthlog.com/wp-content/uploads/2020/03/Barbell-Standing-Triceps-Extension.gif
125,arms,Triceps,Reverse Grip Bench Press,Barbell,Advanced,Unique press variation that targets inner triceps fibers.,https://gymvisual.com/img/p/2/3/9/6/7/23967.gif
126,arms,Triceps,Dumbbell Triceps Kickback,Dumbbell,Beginner,Focused movement for the outer (lateral) head.,https://cdn.jefit.com/assets/img/exercises/gifs/777.gif
127,arms,Triceps,Overhead Dumbbell Extension (Single or Both Hands),Dumbbell,Beginner,Stretches and contracts the long head of the triceps.,https://www.strengthlog.com/wp-content/uploads/2020/03/Dumbbell-Standing-Triceps-Extension.gif
128,arms,Triceps,Seated Dumbbell French Press,Dumbbell,Intermediate,Great isolation for the long head with strict control.,https://i.pinimg.com/originals/2c/62/ba/2c62ba80d37c94d06ad6d60f1e5445df.gif
129,arms,Triceps,Dumbbell Skull Crusher,Dumbbell,Intermediate,Lying triceps extension using dumbbells for unilateral balance.,https://www.onlinearcheryacademy.com/wp-content/uploads/2019/05/Recurve-Archery-Strength-Exercises-Skullcrushers-Dumbell.gif
130,arms,Triceps,Close-Grip Dumbbell Press,Dumbbell,Intermediate,Press variation emphasizing triceps push power.,https://barbend.com/wp-content/uploads/2024/01/close-grip-dumbbell-bench-press-barbend-movement-gif-masters.gif
131,arms,Triceps,Dumbbell Tate Press,Dumbbell,Advanced,Unique movement activating inner and outer triceps.,https://cdn.jefit.com/assets/img/exercises/gifs/242.gif
132,arms,Triceps,Cable Rope Pushdown,Cable,Beginner,Most popular triceps exercise with constant tension.,https://i0.wp.com/www.strengthlog.com/wp-content/uploads/2020/03/triceps-pushdown-with-rope.gif
133,arms,Triceps,Cable Straight Bar Pushdown,Cable,Beginner,Focuses on the outer triceps with controlled movement.,https://i0.wp.com/www.strengthlog.com/wp-content/uploads/2020/03/triceps-pushdown-with-straight-handle.gif
134,arms,Triceps,Overhead Rope Extension (Cable),Cable,Intermediate,Targets the long head with overhead cable stretch.,https://gymvisual.com/img/p/1/8/5/9/6/18596.gif
135,arms,Triceps,Reverse Grip Cable Pushdown,Cable,Intermediate,Focuses on inner triceps with underhand grip.,https://cdn.jefit.com/assets/img/exercises/gifs/157.gif
136,arms,Triceps,Single Arm Cable Kickback,Cable,Intermediate,"Isolation work for outer triceps, one arm at a time.",https://barbend.com/wp-content/uploads/2024/03/tricep-cable-kickback-barbend-movement-gif-masters.gif
137,arms,Triceps,Triceps Dips (Parallel Bars),Bodyweight,Intermediate,Great compound bodyweight move for full triceps activation.,https://i.makeagif.com/media/7-22-2015/WPEF7_.gif
138,arms,Triceps,Bench Dips,Bodyweight,Beginner,Easy bodyweight version for beginners to hit triceps.,https://cdn.jefit.com/assets/img/exercises/gifs/229.gif
139,arms,Triceps,Diamond Push-Up,Bodyweight,Beginner,Close-hand push-up emphasizing triceps contraction.,https://images.ctfassets.net/6ilvqec50fal/3hTY3FIEwYdNloN5V3HL7G/26e28de169b01e5e79332e5418803470/Diamond_Push-Up_GIF.gif
140,arms,Triceps,Handstand Push-Up (Triceps Focus),Bodyweight,Advanced,Bodyweight overhead press involving triceps and delts.,https://media4.giphy.com/media/v1.Y2lkPTZjMDliOTUyZmtoeTFmejZwenY4ODVid2UwMHdxMGZycmVmem55Y2N3anphcmh3aiZlcD12MV9naWZzX3NlYXJjaCZjdD1n/A7Bajd2J3kVABAMfCn/200w.gif
141,arms,Triceps,Machine Triceps Extension,Machine,Beginner,Safe and guided triceps isolation movement.,https://greenphysique.com/wp-content/uploads/2022/02/Tricep-Extension-Precor-Machine.gif
142,arms,Triceps,Seated Overhead Triceps Machine,Machine,Beginner,Machine-based overhead motion for long head focus.,https://i.makeagif.com/media/11-12-2015/zVB9Ro.gif
143,arms,Triceps,Triceps Press (Smith Machine),Smith Machine,Intermediate,Controlled pressing movement for all triceps heads.,https://cdn.jefit.com/assets/img/exercises/gifs/248.gif
144,arms,Triceps,Resistance Band Pushdown,Band,Beginner,Simulates cable pushdowns using resistance bands.,https://cdn.jefit.com/assets/img/exercises/gifs/159.gif
145,arms,Triceps,Resistance Band Overhead Extension,Band,Beginner,Overhead stretch version for the long head of triceps.,https://eisenhorn.com/wp-content/uploads/223.gif
146,arms,Triceps,Resistance Band Kickback,Band,Beginner,Isolation exercise mimicking dumbbell kickback.,https://biqbandtraining.com/wp-content/uploads/2020/05/Donkey-Kicks-gif.gif
147,arms,Triceps,Triceps Extension with Kettlebell,Kettlebell,Intermediate,Overhead or lying variation that stretches triceps deeply.,http://www.shapefit.com/wp-content/uploads/2015/03/kettlebell-exercises-seated-tricep-extension.gif
148,arms,Forearms,Barbell Wrist Curl,Barbell,Beginner,Classic movement for strengthening inner forearms (palm-up).,https://www.strengthlog.com/wp-content/uploads/2021/01/Barbell-Wrist-Curl.gif
149,arms,Forearms,Reverse Barbell Wrist Curl,Barbell,Beginner,Focuses on top forearm muscles (palm-down grip).,https://rp-website-production-files.s3.amazonaws.com/public/reverse_barbell_wrist_curl.gif
150,arms,Forearms,Behind-the-Back Barbell Wrist Curl,Barbell,Intermediate,Enhances flexor activation with greater range of motion.,https://i0.wp.com/www.strengthlog.com/wp-content/uploads/2021/01/Barbell-Wrist-Curl-Behind-the-Back.gif?fit=600%2C600&ssl=1
151,arms,Forearms,Barbell Reverse Curl,Barbell,Intermediate,Targets upper forearm and grip strength.,https://cdn.jefit.com/assets/img/exercises/gifs/111.gif
152,arms,Forearms,Zottman Curl,Dumbbell,Advanced,Combines curl and reverse curl for balanced forearm work.,https://encrypted-tbn0.gstatic.com/images?q=tbn:ANd9GcSJSw8r5Kg7GF1D69s3SqPW6ADlZOCH6qAyTQ&s
153,arms,Forearms,Dumbbell Wrist Curl,Dumbbell,Beginner,Basic inner forearm exercise performed sitting with wrist support.,https://cdn.shopify.com/s/files/1/0449/8453/3153/files/curlszottman_480x480.gif?v=1633921237
154,arms,Forearms,Dumbbell Reverse Wrist Curl,Dumbbell,Beginner,Strengthens the top of the forearm with palms facing down.,https://cdn.jefit.com/assets/img/exercises/gifs/1093.gif
155,arms,Forearms,Hammer Curl,Dumbbell,Intermediate,Works both forearm and upper arm muscles with neutral grip.,https://www.strengthlog.com/wp-content/uploads/2020/02/Hammer-curl.gif
156,arms,Forearms,Seated Dumbbell Rotation (Wrist Supination/Pronation),Dumbbell,Intermediate,Improves wrist control and forearm stability.,https://cdn.jefit.com/assets/img/exercises/gifs/1095.gif
157,arms,Forearms,Cable Reverse Curl (Straight Bar),Cable,Intermediate,Smooth constant resistance for top forearm activation.,https://media.tenor.com/6aFVMxmmytkAAAAM/reverse-cable-curl.gif
158,arms,Forearms,Cable Wrist Curl (Low Pulley),Cable,Intermediate,Controlled movement to target inner forearms.,https://cdn.jefit.com/assets/img/exercises/gifs/1089.gif
159,arms,Forearms,Cable Reverse Wrist Curl,Cable,Intermediate,Focused isolation of upper forearms with cables.,https://fitliferegime.com/wp-content/uploads/2024/06/Seated-Cable-Wrist-Curl.gif
160,arms,Forearms,Rope Hammer Curl (Cable),Cable,Intermediate,Builds grip and forearm density with rope handle.,https://cdn.jefit.com/assets/img/exercises/gifs/1098.gif
161,arms,Forearms,Wrist Roller (Barbell Plate or Rope Device),Equipment,Advanced,Classic grip and forearm builder using rolling motion.,https://cdn.jefit.com/assets/img/exercises/gifs/1099.gif
162,arms,Forearms,Towel Pull-Up / Grip Hang,Bodyweight,Advanced,Builds massive grip and forearm endurance using towel grip.,https://cdn.jefit.com/assets/img/exercises/gifs/1100.gif
163,arms,Forearms,Farmer’s Carry,Functional,Intermediate,"Strengthens grip, wrist, and stabilizer muscles.",https://media1.tenor.com/m/UEsX6r2iA8oAAAAd/db-farmer-s-carrys.gif
164,arms,Forearms,Plate Pinch Hold,Equipment,Intermediate,Pinch weight plates together to develop crushing grip strength.,https://i.makeagif.com/media/1-03-2020/vlfytG.gif
165,arms,Forearms,Reverse Curl (EZ Bar),Barbell,Intermediate,Variation using EZ bar for better comfort.,https://cdn.jefit.com/assets/img/exercises/gifs/1103.gif
166,arms,Forearms,Resistance Band Wrist Curl,Band,Beginner,Simulates barbell wrist curl using elastic resistance.,https://cdn.jefit.com/assets/img/exercises/gifs/1104.gif
167,arms,Forearms,Resistance Band Reverse Curl,Band,Beginner,Works top forearm using overhand grip.,https://copilot-exercise-media.s3.us-east-2.amazonaws.com/1280_28crf2/band_reverse_curl.mp4
168,arms,Forearms,Resistance Band Twist (Rotation),Band,Beginner,Strengthens wrist rotation and stabilizer muscles.,https://cdn.jefit.com/assets/img/exercises/gifs/1106.gif
169,legs,Quadriceps / Glutes,Barbell Back Squat,Barbell,Intermediate,Classic compound movement targeting quads and glutes.,https://media2.giphy.com/media/v1.Y2lkPTc5MGI3NjExbW13emg0bTZ4YmwyMGV2MGY2eHpubGJoMTN6MTJpczd2cHVvOXp1diZlcD12MV9pbnRlcm5hbF9naWZfYnlfaWQmY3Q9Zw/d832ZmpAR76kng271x/giphy.gif
170,legs,Quadriceps,Front Squat,Barbell,Advanced,Emphasizes the front thighs and core stability.,https://media1.giphy.com/media/v1.Y2lkPTc5MGI3NjExZDQ2eHN2MWZzZTgwMHE0aHVpaHl5bGo4YnN3NzNtM2NxbG8wdXhwaCZlcD12MV9pbnRlcm5hbF9naWZfYnlfaWQmY3Q9Zw/wRrEnwkkqqTV6/giphy.gif
171,legs,Quadriceps,Hack Squat,Machine,Intermediate,Focused quad exercise with minimal glute activation.,https://i.makeagif.com/media/1-17-2024/ML2ebN.gif
172,legs,Quadriceps / Glutes,Leg Press,Machine,Beginner,Safe heavy leg builder with adjustable foot position.,https://media1.tenor.com/m/9oN3LkNLsPUAAAAd/leg-day-lifting.gif
173,legs,Quadriceps,Leg Extension,Machine,Beginner,Isolation exercise for front thigh development.,https://i.makeagif.com/media/12-17-2023/YWNjdO.gif
174,legs,Quadriceps / Glutes,Dumbbell Goblet Squat,Dumbbell,Beginner,Great for beginners to learn squat form safely.,https://hips.hearstapps.com/hmg-prod/images/workouts/2016/03/gobletsquat-1457030891.gif
175,legs,Quadriceps / Glutes,Bodyweight Squat,Bodyweight,Beginner,Fundamental leg movement for all fitness levels.,https://i.makeagif.com/media/7-23-2014/iSB9bW.gif
176,legs,Quadriceps,Wall Sit,Bodyweight,Beginner,Static hold that builds endurance in the front thighs.,https://media1.tenor.com/m/qMWYCRMCZjcAAAAd/wall-sit.gif
177,legs,Hamstrings / Glutes,Romanian Deadlift (RDL),Barbell,Intermediate,Focuses on hamstring stretch and glute engagement.,https://i.makeagif.com/media/9-29-2015/J4H8p6.gif
178,legs,Hamstrings / Glutes,Conventional Deadlift,Barbell,Advanced,Full posterior chain exercise engaging legs and back.,https://i.makeagif.com/media/3-05-2022/RUbxz8.gif
179,legs,Hamstrings,Seated Leg Curl,Machine,Beginner,Works the back of the thighs through full range motion.,https://media1.tenor.com/m/GLaVvK15troAAAAd/seated-leg-curl.gif
180,legs,Hamstrings,Lying Leg Curl,Machine,Beginner,Isolation exercise for hamstrings strength.,https://i.makeagif.com/media/5-15-2025/_uWIRL.gif
181,legs,Hamstrings / Glutes,Dumbbell Romanian Deadlift,Dumbbell,Intermediate,Works posterior chain with free weights.,https://i.makeagif.com/media/10-24-2017/q5scZR.gif
182,legs,Hamstrings,Resistance Band Leg Curl,Band,Beginner,Simulates lying leg curl for back thigh muscles.,https://cdnl.iconscout.com/lottie/premium/preview-watermark/man-doing-resistance-band-lying-leg-curl-exercise-for-leg-animation-gif-download-10108827.mp4
183,legs,Glutes,Barbell Hip Thrust,Barbell,Intermediate,Top glute builder emphasizing contraction at the top.,https://i.makeagif.com/media/11-07-2015/7B_AAi.gif
184,legs,Glutes,Cable Kickback,Cable,Intermediate,Isolates the glutes with controlled cable resistance.,https://i.makeagif.com/media/9-03-2024/xb7iBN.gif
185,legs,Glutes / Hamstrings,Glute Bridge,Bodyweight,Beginner,Strengthens glutes and core using bodyweight.,https://media2.giphy.com/media/v1.Y2lkPTc5MGI3NjExc2NnNGk5aWQwdzg5MDM5NHB3eWE5c2cwNzh0NWNxZ242MmtqejR1eCZlcD12MV9pbnRlcm5hbF9naWZfYnlfaWQmY3Q9Zw/U1azrdYvCqgMUmLbkU/giphy.gif
186,legs,Glutes,Resistance Band Kickback,Band,Beginner,Glute-focused movement that improves tone and control.,https://cdnl.iconscout.com/lottie/premium/preview-watermark/man-doing-resistance-band-glute-kickback-exercise-for-leg-animation-gif-download-10108826.mp4
187,legs,Glutes / Hamstrings,Resistance Band Hip Thrust,Band,Intermediate,Enhances glute activation during thrust motion.,https://i.makeagif.com/media/6-17-2020/lL8u9z.gif
188,legs,Quadriceps / Glutes,Dumbbell Step-Up,Dumbbell,Intermediate,Builds leg power and balance.,https://i.makeagif.com/media/5-17-2025/Acfxp-.gif
189,legs,Glutes / Hamstrings,Donkey Kick,Bodyweight,Beginner,Great isolation move for glute activation.,https://i.makeagif.com/media/7-30-2015/qRSCN8.gif
190,legs,Glutes / Hamstrings,Cable Pull-Through,Cable,Intermediate,Great for posterior chain and hip drive.,https://i.makeagif.com/media/9-06-2024/KuCT9k.gif
191,legs,Calves,Standing Calf Raise (Machine),Machine,Beginner,Builds the gastrocnemius portion of the calves.,https://i.makeagif.com/media/8-16-2023/NfU_O4.gif
192,legs,Calves,Seated Calf Raise (Machine),Machine,Beginner,Focuses on the soleus part of the calf muscle.,https://i.makeagif.com/media/7-28-2015/hji16X.gif
193,legs,Calves,Dumbbell Calf Raise,Dumbbell,Beginner,Simple calf strengthening exercise with dumbbells.,https://i.makeagif.com/media/5-01-2015/XDYrlP.gif
194,legs,Calves,Standing Calf Raise (Bodyweight),Bodyweight,Beginner,Effective calf builder using bodyweight resistance.,https://i.makeagif.com/media/7-28-2015/-PGUjk.gif
195,legs,Abductors (Outer Thighs),Hip Abductor Machine,Machine,Beginner,Targets the outer hip and thigh muscles.,https://i.makeagif.com/media/9-28-2023/HfjspN.gif
196,legs,Adductors (Inner Thighs),Hip Adductor Machine,Machine,Beginner,Works the inner thigh for stability and balance.,https://gymvisual.com/img/p/2/4/9/4/6/24946.gif
197,legs,Abductors (Outer Thighs),Glute Cable Abduction,Cable,Beginner,Strengthens hip stabilizers and outer thighs.,https://cdnl.iconscout.com/lottie/premium/thumb/man-doing-cable-hip-abduction-exercise-for-legs-animation-gif-download-9265218.mp4
198,legs,Adductors (Inner Thighs),Glute Cable Adduction,Cable,Beginner,Focuses on inner thigh contraction and control.,https://api.smartworkout.app/asset/video/75694192-2ab2-47af-a3be-c68dc401b852.mp4
199,legs,Abductors / Glutes,Resistance Band Lateral Walk,Band,Beginner,Activates glute medius and outer thighs.,https://i0.wp.com/www.strengthlog.com/wp-content/uploads/2020/03/Banded-Side-Step.gif?resize=600%2C600&ssl=1
200,abs,Upper Abs,Crunch,Bodyweight,Beginner,Classic ab exercise focusing on the upper section of the abs.,https://media1.tenor.com/m/I-oGBadVdQkAAAAd/abs-exercise.gif
201,abs,Upper Abs,Sit-Up,Bodyweight,Beginner,Full range movement strengthening the entire core.,https://media1.tenor.com/m/al5TfkZTwjIAAAAC/workout-abs.gif
202,abs,Upper Abs,Cable Crunch,Cable,Intermediate,Adds resistance to upper ab movement for muscle growth.,https://i.makeagif.com/media/3-31-2019/kMYG5R.gif
203,abs,Upper Abs,Machine Crunch,Machine,Beginner,Stable movement for isolating upper abs with support.,https://i.makeagif.com/media/5-02-2015/B3JuVd.gif
204,abs,Upper Abs,Decline Crunch,Bodyweight,Intermediate,Increases difficulty by extending range of motion.,https://cdnl.iconscout.com/lottie/premium/preview-watermark/man-doing-dumbbell-weighted-decline-sit-up-exercise-for-abs-animation-gif-download-8853036.mp4
205,abs,Lower Abs,Reverse Crunch,Bodyweight,Beginner,Targets lower abs by lifting hips off the ground.,https://i.pinimg.com/originals/2b/d9/92/2bd992e5e17a6f6bacb05126adb22792.gif
206,abs,Lower Abs,Leg Raise (Hanging or Lying),Bodyweight,Intermediate,Focuses on the lower abdominal region.,https://media4.giphy.com/media/pWiVMJ0bMMizrlNeDG/giphy.gif
207,abs,Lower Abs,Knee Raise (Hanging / Captains Chair),Bodyweight,Intermediate,Builds strong lower abs and hip flexors.,https://static.wixstatic.com/media/00b9a7_ad4c355a258f4c0a8c6b6b8b1097fbb1~mv2.gif
208,abs,Lower Abs,Cable Leg Raise,Cable,Intermediate,Controlled resistance for lower abs using ankle straps.,https://gymvisual.com/img/p/1/4/8/2/9/14829.gif
209,abs,Lower Abs,Flutter Kicks,Bodyweight,Beginner,Continuous leg motion activating lower abs.,https://app.gogain.me/wp-content/uploads/2023/10/flutter_kicks.gif
210,abs,Lower Abs,Scissor Kicks,Bodyweight,Beginner,Engages lower abs with alternating leg motion.,https://media.self.com/photos/6079f984d9d5c0019d5f36dd/master/w_320%2Cc_limit/scissor-kicks-Amanda_055.gif
211,abs,Upper / Lower Abs,V-Up,Bodyweight,Advanced,Advanced movement engaging entire core.,https://hips.hearstapps.com/hmg-prod.s3.amazonaws.com/images/workouts/2016/08/vupfull-1472154765.gif?resize=980:*
212,abs,Lower Abs / Obliques,Mountain Climber,Bodyweight,Intermediate,Dynamic core exercise also improving cardio.,https://i.gifer.com/origin/35/35cbae648fd2208845969a0e4254f413.gif
213,abs,Transverse Abdominis,Plank,Bodyweight,Beginner,Builds deep core stability and posture.,https://www.inspireusafoundation.org/wp-content/uploads/2022/11/body-saw-plank.gif
214,abs,Obliques / Transverse Abdominis,Side Plank,Bodyweight,Intermediate,Strengthens side core and stabilizers.,https://th.bing.com/th/id/R.3186b29512a53ca21e0a237bf691a755?rik=ead72IlcU0an0A&pid=ImgRaw&r=0
215,abs,Transverse Abdominis / Glutes,Plank with Leg Lift,Bodyweight,Intermediate,Adds glute engagement to core stability work.,https://gymvisual.com/img/p/1/5/0/8/5/15085.gif
216,abs,Obliques,Russian Twist,Bodyweight,Intermediate,Rotational move focusing on side abs.,https://static.wixstatic.com/media/c94d75_88e076d90f374a23bd4a62b26ad2ba80~mv2.gif
217,abs,Obliques / Transverse Abdominis,Cable Woodchopper,Cable,Intermediate,Rotational exercise for strong obliques.,https://media.giphy.com/media/v1.Y2lkPTc5MGI3NjExOTB3cHRseGN1djFiZGgzbHIybXBxaW0yNHpoZ3lnZmJpMG9yZTEzNCZlcD12MV9pbnRlcm5hbF9naWZfYnlfaWQmY3Q9Zw/q704dYZspgoWE3e4QB/giphy.gif
218,abs,Obliques,Oblique Crunch (Side Crunch),Bodyweight,Beginner,Targets side ab muscles effectively.,https://th.bing.com/th/id/R.aeda2bf83d3a94e190d58ec01a096f2f?rik=tUmomI5tEc4UAA&pid=ImgRaw&r=0
219,abs,Obliques,Side Bend (Dumbbell),Dumbbell,Beginner,Simple isolation exercise for obliques.,https://barbend.com/wp-content/uploads/2024/03/dumbbell-side-bend-barbend-movement-gif-masters.gif
220,abs,Obliques / Lower Abs,Hanging Oblique Raise,Bodyweight,Advanced,Challenging movement for side and lower abs.,https://i.pinimg.com/originals/86/ae/c0/86aec0ecc998e212ac085fdae7530e26.gif
221,abs,Transverse Abdominis / Upper Abs,Ab Wheel Rollout,Equipment,Advanced,Builds core depth and strength using ab wheel.,https://th.bing.com/th/id/R.841861bc144091e7bb3f556e46c5e6af?rik=6dZHOuWlBEQztA&riu=http%3a%2f%2fi1.wp.com%2fworkouttrends.com%2fwp-content%2fuploads%2f2013%2f10%2fab-wheel-rollout-1.gif&ehk=6MkQ6GRiqIUXYGWrA2mYdpOXkbZyjIRXJ6PU1vZBiv4%3d&risl=&pid=ImgRaw&r=0
222,abs,Upper Abs / Transverse Abdominis,Stability Ball Crunch,Equipment,Intermediate,Adds instability to engage deep core.,https://cdn.shopify.com/s/files/1/0449/8453/3153/files/Stability_Ball_Crunches_800x.gif?v=1732003354
223,abs,Lower Back / Core,Bird Dog,Bodyweight,Beginner,Improves lower back balance and core control.,https://th.bing.com/th/id/R.6f968de02933a7518bfdd043ee7bab3a?rik=JYM83xpkIk9NVw&riu=http%3a%2f%2fwww.healthandtrend.com%2fwp-content%2fuploads%2f2017%2f02%2fbird-dogs-exercise-illustration.gif&ehk=HgvpX09Utr7aEZD8YiUdChLnsQd84bjjsSEmq0PDTRs%3d&risl=&pid=ImgRaw&r=0
224,abs,Lower Back,Superman,Bodyweight,Beginner,Strengthens erector spinae and lower back muscles.,https://cdn.jefit.com/assets/img/exercises/gifs/94.gif
225,abs,Lower Back,Back Extension (Machine or Bench),Machine,Intermediate,Controlled movement to strengthen lower back.,https://cdn.jefit.com/assets/img/exercises/gifs/1259.gif
226,abs,Lower Back / Hamstrings,Good Morning,Barbell,Advanced,Works lower back and posterior chain together.,https://gifdb.com/images/high/good-morning-exercise-doing-barbell-back-squat-omqra9ob29fw73oz.gif
227,abs,Transverse Abdominis,Dead Bug,Bodyweight,Beginner,Excellent for core control and spine safety.,https://hw.qld.gov.au/wp-content/uploads/2015/07/29_M_WIP02.gif
228,abs,Transverse Abdominis / Obliques,Pallof Press,Cable,Intermediate,Anti-rotation exercise improving deep core stability.,https://barbend.com/wp-content/uploads/2020/12/pallof-press-barbend-movement-gif-masters.gif
229,cardio,Running / Full Body,Treadmill Running,Machine,Beginner,Controlled running workout on treadmill for endurance.,https://mir-s3-cdn-cf.behance.net/project_modules/max_1200/8945b0176219235.64c11350dbe8b.gif
230,cardio,Running / Full Body,Outdoor Running,None,Beginner,Improves cardiovascular health and stamina.,https://media.giphy.com/media/iFGhsoee2xTOM/giphy.gif
231,cardio,Running / Lower Body,Sprints (Track or Treadmill),None,Intermediate,Short bursts for fat burning and explosive power.,https://barbend.com/wp-content/uploads/2024/02/treadmill-run-sprint-barbend-movement-gif-masters.gif
232,cardio,Running / Glutes / Hamstrings,Incline Running,Treadmill,Intermediate,Builds strength and endurance using incline.,https://gymvisual.com/img/p/1/4/4/5/7/14457.gif
233,cardio,Running / Conditioning,Interval Running,None,Intermediate,Alternates between fast and slow pace for HIIT-style cardio.,https://images.ctfassets.net/473zoc40547p/6itfJn5WCBlG3sskeKU8Wt/a483c2ba766348385fc5cf2753bcba48/3_-_Dynamic_Stretches_Exercise_Tutorial_High_Knees_360x360.gif
234,cardio,Cycling / Lower Body,Cycling (Stationary Bike),Machine,Beginner,Low-impact cardio improving leg endurance.,https://post.greatist.com/wp-content/uploads/sites/2/2019/05/SETTING-UP-CYCLING-BIKE_BAD-FORM_IN-SADDLE_GRAIN.gif
235,cardio,Cycling / Lower Body,Outdoor Cycling,Equipment,Intermediate,Builds leg strength and improves cardiovascular fitness.,https://i.pinimg.com/originals/21/95/85/219585ff9dcb5b9969344ba083041a59.gif
236,cardio,Cycling / Lower Body,Spin Class (Indoor Cycling),Machine,Intermediate,High-intensity group cycling workout.,https://media.post.rvohealth.io/wp-content/uploads/sites/2/2019/05/SETTING-UP-CYCLING-BIKE_BAD-FORM_RIDING-WITH-SWAY_GRAIN.gif
237,cardio,Jump Rope / Full Body,Jump Rope (Basic),Equipment,Beginner,Improves coordination and burns calories effectively.,https://www.spotebi.com/wp-content/uploads/2014/10/jump-rope-exercise-illustration.gif
238,cardio,Jump Rope / Full Body,Jump Rope (Double Unders),Equipment,Advanced,D:\Recording 2025-11-17 130529.gif,https://www.nerdfitness.com/wp-content/uploads/2020/02/jump-rope-double-unders.gif
239,cardio,Jump Rope / Full Body,Jump Rope (Alternating Feet),Equipment,Intermediate,Improves agility and endurance.,D:\Recording 2025-11-17 130559.gif
241,cardio,HIIT / Full Body,Burpees,Bodyweight,Intermediate,Explosive exercise improving strength and cardio together.,https://th.bing.com/th/id/R.fc8a230c037b69697faac61ce7f5315d?rik=6QbEhN6h8rYAxg&pid=ImgRaw&r=0
242,cardio,HIIT / Legs,Jump Squats,Bodyweight,Intermediate,Builds power and endurance in legs while elevating heart rate.,"https://hips.hearstapps.com/hmg-prod.s3.amazonaws.com/images/workouts/2016/03/bodyweightsquatjump-1457041758.gif?crop=1xw:1xh;center,top&resize=480:*"
243,cardio,HIIT / Core,Mountain Climbers,Bodyweight,Intermediate,Combines cardio and core work for full-body burn.,https://th.bing.com/th/id/R.675053d66cd2b4b26a0ebee1ec7424b7?rik=jFE1WjMAf46N6w&pid=ImgRaw&r=0
244,cardio,HIIT / Upper Body,Battle Ropes,Equipment,Intermediate,"Improves endurance, explosiveness, and coordination.",https://hips.hearstapps.com/ame-prod-menshealth-assets.s3.amazonaws.com/main/assets/battlerope.gif?resize=480:*
245,cardio,Rowing / Full Body,Rowing Machine,Machine,Beginner,"Engages legs, back, and arms for balanced cardio.",https://www.rowbustfit.com/wp-content/uploads/2023/01/rowing-animation.gif
246,cardio,Glutes / Hamstrings / Conditioning,Stair Climber,Machine,Beginner,Builds leg endurance and cardiovascular fitness.,https://fitnessprogramer.com/wp-content/uploads/2021/10/Walking-on-Stepmill.gif
247,cardio,Full Body / Conditioning,Elliptical Trainer,Machine,Beginner,Low-impact cardio machine for all levels.,https://fitnessvolt.com/cal-assets/fitnessvolt-elliptical-woman-slow.gif
248,cardio,HIIT / Lower Body,High Knees,Bodyweight,Beginner,Increases heart rate and coordination quickly.,https://i.pinimg.com/originals/c1/9f/2c/c19f2c2bac0ca09f2381fb8281c8d1f0.gif
249,cardio,HIIT / Full Body,Jumping Jacks,Bodyweight,Beginner,Simple yet effective warm-up and cardio move.,https://th.bing.com/th/id/R.1e4c5b8b519eb9407926138d06587cba?rik=ZzRWVDgjrNMjrw&pid=ImgRaw&r=0
250,cardio,Cycling / HIIT,Sprint Intervals on Bike,Machine,Intermediate,Combines sprint and rest intervals for max calorie burn.,https://media.tenor.com/394Tf4s9fPEAAAAM/fitness-piera.gif
251,cardio,Rowing / HIIT,Rowing Intervals,Machine,Intermediate,Combines power and endurance for full-body conditioning.,https://www.rowbustfit.com/wp-content/uploads/2023/01/rowing-animation.gif
252,cardio,HIIT / Full Body,Shadow Boxing,Bodyweight,Intermediate,Boosts coordination and cardio while engaging core.,https://fitnessprogramer.com/wp-content/uploads/2023/09/shadow-boxing-workout.gif
253,cardio,Running / HIIT,Treadmill HIIT (Sprints + Walk),Machine,Intermediate,Alternates high-speed sprints with active recovery.,https://mir-s3-cdn-cf.behance.net/project_modules/max_1200/8945b0176219235.64c11350dbe8b.gif
254,cardio,Running / HIIT,Hill Sprints,Outdoor,Advanced,"Builds leg power, endurance, and explosive strength.",https://i.makeagif.com/media/8-26-2018/RMBWPg.gif
255,neck,Front Neck (Flexion),Neck Flexion (Bodyweight),Bodyweight,Beginner,Lie on your back and lift your head forward to strengthen the front neck.,D:\Recording 2025-11-17 121649.gif
256,neck,Rear Neck (Extension),Neck Extension (Bodyweight),Bodyweight,Beginner,Lie face down and raise your head up to engage rear neck muscles.,https://i0.wp.com/vybeclub.au/wp-content/uploads/2024/11/Prone-Cervical-Extension-vybefitness.gif?fit=360%2C360&ssl=1
257,neck,Side Neck (Lateral Flexion),Lateral Neck Flexion (Bodyweight),Bodyweight,Beginner,Tilt head side-to-side to strengthen lateral neck muscles.,https://sworkit.com/wp-content/uploads/2022/02/ezgif.com-gif-maker.gif
258,neck,Neck Rotation / Mobility,Neck Rotation (Bodyweight),Bodyweight,Beginner,Gently rotate the neck left to right for flexibility and control.,https://sworkit.com/wp-content/uploads/2022/02/ezgif.com-gif-maker-1.gif
259,neck,Front Neck (Flexion),Neck Flexion (Plate Resistance),Equipment (Weight Plate),Intermediate,Hold a plate on your forehead and move your head forward to add resistance.,https://cdn.jefit.com/assets/img/exercises/gifs/425.gif
260,neck,Rear Neck (Extension),Neck Extension (Plate Resistance),Equipment (Weight Plate),Intermediate,Hold a plate behind your head while lifting for neck strengthening.,https://sworkit.com/wp-content/uploads/2022/02/ezgif.com-gif-maker.gif
261,neck,Side Neck (Lateral Flexion),Lateral Neck Flexion (Plate Resistance),Equipment (Weight Plate),Intermediate,Use a plate on the side of the head to strengthen neck stabilizers.,https://i0.wp.com/b-reddy.org/wp-content/uploads/2017/07/neck-lateral-flexion-left-plate.gif?fit=320%2C180&ssl=1
262,neck,Rear Neck (Extension),Neck Harness Extension,Equipment (Neck Harness),Intermediate,Uses harness attached to weights for resistance training.,https://gymvisual.com/img/p/1/0/4/9/1/10491.gif
263,neck,Front Neck (Flexion),Neck Harness Flexion,Equipment (Neck Harness),Intermediate,Strengthens front neck using weighted harness.,https://gymvisual.com/img/p/1/0/4/7/6/10476.gif
264,neck,Full Neck (All Directions),Isometric Neck Press (Against Hand or Wall),Bodyweight,Beginner,Press head gently against hand or wall for static strength.,https://gymvisual.com/img/p/2/3/9/8/7/23987.gif
265,neck,Front Neck (Flexion),Resistance Band Neck Flexion,Band,Beginner,Strengthens neck using elastic band tension.,https://b-reddy.org/wp-content/uploads/2017/07/neck-flexion-training-band-exercise.gif
266,neck,Rear Neck (Extension),Resistance Band Neck Extension,Band,Beginner,Builds rear neck muscles through band resistance.,https://b-reddy.org/wp-content/uploads/2017/07/neck-extension-band-training-exercise.gif
267,neck,Side Neck (Lateral Flexion),Resistance Band Lateral Flexion,Band,Beginner,Improves neck stability with side tension.,https://b-reddy.org/wp-content/uploads/2017/07/neck-lateral-flexion-band-exercise.gif
268,neck,Full Neck / Rear Neck,Bridge (Wrestler’s Bridge),Bodyweight,Advanced,Builds strong posterior neck and balance (used in wrestling).,https://media0.giphy.com/media/v1.Y2lkPTc5MGI3NjExazQwZ2tteGV3eDFyamY5Z2xmNzVlcm1tMnhqMWJkdGM5bDl1YjA5diZlcD12MV9pbnRlcm5hbF9naWZfYnlfaWQmY3Q9Zw/7EeEk7QIUVKbV5RWzn/giphy.gif
269,neck,Front Neck,Reverse Bridge (Front Bridge),Bodyweight,Advanced,Strengthens front neck and cervical control.,https://images.squarespace-cdn.com/content/v1/5ea57caad08f387b2e9827bd/e40119bc-5e33-41dc-9690-4bcde391c42b/Headstand+bridge+press+to+full+bridge.gif
