id,body part,target_area,name,equipment,level,description,gif_link
1,chest,Middle Chest,Flat Barbell Bench Press,Barbell,Intermediate,Classic compound press that builds mass in the mid chest.,https://res.cloudinary.com/dsdkaxbl3/image/upload/v1765554039/exercise_0.gif
2,chest,Upper Chest,Incline Barbell Bench Press,Barbell,Intermediate,Performed on a 30–45° bench to emphasize the upper fibers.,https://res.cloudinary.com/dsdkaxbl3/image/upload/v1765554039/exercise_1.gif
3,chest,Lower Chest,Decline Barbell Bench Press,Barbell,Intermediate,Barbell press on a decline bench to hit the lower pectorals.,https://res.cloudinary.com/dsdkaxbl3/image/upload/v1765554039/exercise_2.gif
4,chest,Upper Chest,Reverse-Grip Bench Press,Barbell,Advanced,Reverse grip shifts focus to the upper chest and reduces shoulder stress.,https://res.cloudinary.com/dsdkaxbl3/image/upload/v1765554039/exercise_3.gif
5,chest,Upper Chest,Guillotine Press (Neck Press),Barbell,Advanced,Bar is lowered toward the neck; high activation of upper pecs (requires caution).,https://res.cloudinary.com/dsdkaxbl3/image/upload/v1765554039/exercise_4.gif
6,chest,Inner Chest,Close-Grip Bench Press,Barbell,Intermediate,Closer hand spacing targets inner chest and triceps.,https://res.cloudinary.com/dsdkaxbl3/image/upload/v1765554039/exercise_5.gif
7,chest,Middle Chest,Flat Dumbbell Press,Dumbbell,Intermediate,Free-weight version of bench press for balance and control.,https://res.cloudinary.com/dsdkaxbl3/image/upload/v1765554039/exercise_6.gif
8,chest,Upper Chest,Incline Dumbbell Press,Dumbbell,Intermediate,Focuses on the upper chest with more freedom of motion.,https://res.cloudinary.com/dsdkaxbl3/image/upload/v1765554039/exercise_7.gif
9,chest,Lower Chest,Decline Dumbbell Press,Dumbbell,Intermediate,Dumbbell version to isolate the lower chest fibers.,https://res.cloudinary.com/dsdkaxbl3/image/upload/v1765554039/exercise_8.gif
10,chest,Inner Chest,Dumbbell Fly,Dumbbell,Beginner,Isolation move focusing on the chest contraction at the top.,https://res.cloudinary.com/dsdkaxbl3/image/upload/v1765554039/exercise_9.gif
11,chest,Upper Chest,Incline Dumbbell Fly,Dumbbell,Beginner,Stretch and contract upper chest with dumbbells on an incline.,https://res.cloudinary.com/dsdkaxbl3/image/upload/v1765554039/exercise_10.gif
12,chest,Lower Chest,Decline Dumbbell Fly,Dumbbell,Beginner,Stretch lower pec fibers; excellent finisher.,https://res.cloudinary.com/dsdkaxbl3/image/upload/v1765554039/exercise_11.gif
13,chest,Inner Chest,Squeeze Press,Dumbbell,Intermediate,Press dumbbells together while lifting to emphasize inner pecs.,https://res.cloudinary.com/dsdkaxbl3/image/upload/v1765554039/exercise_12.gif
14,chest,Upper Chest,Pullover,Dumbbell,Intermediate,Expands rib cage and strengthens chest-lat connection.,https://res.cloudinary.com/dsdkaxbl3/image/upload/v1765554039/exercise_13.gif
15,chest,Lower Chest,Cable Crossover (High to Low),Cable,Intermediate,Pull cables from high to low to work lower pecs.,https://res.cloudinary.com/dsdkaxbl3/image/upload/v1765554039/exercise_14.gif
16,chest,Upper Chest,Cable Crossover (Low to High),Cable,Intermediate,Pull cables upward to engage upper chest.,https://res.cloudinary.com/dsdkaxbl3/image/upload/v1765554039/exercise_15.gif
17,chest,Middle Chest,Cable Fly (Mid-Level),Cable,Beginner,Pull cables horizontally to hit the central chest area.,https://res.cloudinary.com/dsdkaxbl3/image/upload/v1765554039/exercise_16.gif
18,chest,Inner Chest,Single Arm Cable Crossover,Cable,Intermediate,Focuses contraction on inner chest by crossing arm fully.,https://res.cloudinary.com/dsdkaxbl3/image/upload/v1765554039/exercise_17.gif
19,chest,Middle Chest,Standing Cable Press,Cable,Beginner,Mimics dumbbell press while maintaining tension.,https://res.cloudinary.com/dsdkaxbl3/image/upload/v1765554039/exercise_18.gif
20,chest,Upper Chest,Incline Cable Press,Cable,Intermediate,Bench at 30–45° angle with low pulley start point.,https://res.cloudinary.com/dsdkaxbl3/image/upload/v1765554039/exercise_19.gif
21,chest,Middle Chest,Chest Press Machine,Machine,Beginner,Safe version of bench press for controlled pressing.,https://res.cloudinary.com/dsdkaxbl3/image/upload/v1765554039/exercise_20.gif
22,chest,Upper Chest,Incline Chest Press Machine,Machine,Beginner,Machine-based press at incline angle.,https://res.cloudinary.com/dsdkaxbl3/image/upload/v1765554039/exercise_21.gif
23,chest,Lower Chest,Decline Chest Press Machine,Machine,Beginner,Targets lower chest with stable support.,https://res.cloudinary.com/dsdkaxbl3/image/upload/v1765554039/exercise_22.gif
24,chest,Inner Chest,Pec Deck Fly,Machine,Beginner,Focus on squeezing pecs together at end of movement.,https://res.cloudinary.com/dsdkaxbl3/image/upload/v1765554039/exercise_23.gif
25,chest,Middle Chest,Seated Chest Press (Hammer Strength),Machine,Intermediate,Plate-loaded version mimicking dumbbell press.,https://res.cloudinary.com/dsdkaxbl3/image/upload/v1765554039/exercise_24.gif
26,chest,Upper Chest,Incline Hammer Press,Machine,Intermediate,Machine-based incline press with neutral grip.,https://res.cloudinary.com/dsdkaxbl3/image/upload/v1765554039/exercise_25.gif
27,chest,Middle Chest,Push-Up,Bodyweight,Beginner,Fundamental chest exercise with full range motion.,https://res.cloudinary.com/dsdkaxbl3/image/upload/v1765554039/exercise_26.gif
28,chest,Upper Chest,Decline Push-Up (Feet Elevated),Bodyweight,Beginner,Elevate feet to shift focus upward.,https://res.cloudinary.com/dsdkaxbl3/image/upload/v1765554039/exercise_27.gif
29,chest,Lower Chest,Incline Push-Up (Hands Elevated),Bodyweight,Beginner,Hands on a bench to hit the lower pecs.,https://res.cloudinary.com/dsdkaxbl3/image/upload/v1765554039/exercise_28.gif
30,chest,Lower Chest,Dips (Forward Lean),Bodyweight,Intermediate,Lean forward to target the lower chest fibers.,https://res.cloudinary.com/dsdkaxbl3/image/upload/v1765554039/exercise_29.gif
31,chest,Middle Chest,Wide Push-Up,Bodyweight,Beginner,Wider hand placement emphasizes outer and mid chest.,https://res.cloudinary.com/dsdkaxbl3/image/upload/v1765554039/exercise_30.gif
32,chest,Inner Chest,Diamond Push-Up,Bodyweight,Intermediate,Hands together forming a diamond to work inner chest.,https://res.cloudinary.com/dsdkaxbl3/image/upload/v1765554039/exercise_31.gif
33,chest,Middle Chest,Resistance Band Chest Press,Band,Beginner,Simulates bench press motion using resistance bands.,https://res.cloudinary.com/dsdkaxbl3/image/upload/v1765554039/exercise_32.gif
34,chest,Upper Chest,Resistance Band Incline Press,Band,Beginner,Anchor band low and press upward.,https://res.cloudinary.com/dsdkaxbl3/image/upload/v1765554039/exercise_33.gif
35,chest,Inner Chest,Resistance Band Crossover,Band,Beginner,Cross arms in front to hit the inner pecs.,https://res.cloudinary.com/dsdkaxbl3/image/upload/v1765554039/exercise_34.gif
36,chest,Upper Chest,Landmine Press,Barbell (Landmine),Intermediate,Press at an upward angle using landmine setup.,https://res.cloudinary.com/dsdkaxbl3/image/upload/v1765554039/exercise_35.gif
37,back,Middle Back,Barbell Bent-Over Row,Barbell,Intermediate,Classic back builder that targets the middle back and lats.,https://res.cloudinary.com/dsdkaxbl3/image/upload/v1765554039/exercise_36.gif
38,back,Lower Back,Barbell Deadlift,Barbell,Advanced,"Compound lift engaging the lower back, traps, and overall posterior chain.",https://res.cloudinary.com/dsdkaxbl3/image/upload/v1765554039/exercise_37.gif
39,back,Middle Back,Pendlay Row,Barbell,Advanced,Strict barbell row from the floor focusing on explosive pulling power.,https://res.cloudinary.com/dsdkaxbl3/image/upload/v1765554039/exercise_38.gif
40,back,Middle / Upper Back,T-Bar Row,Barbell,Intermediate,Thickens middle back and develops overall density.,https://res.cloudinary.com/dsdkaxbl3/image/upload/v1765554039/exercise_39.gif
41,back,Traps,Barbell Shrug,Barbell,Beginner,Targets upper traps for building thickness.,https://res.cloudinary.com/dsdkaxbl3/image/upload/v1765554039/exercise_40.gif
42,back,Lower Back / Traps,Rack Pull,Barbell,Advanced,Partial deadlift movement focusing on traps and spinal erectors.,https://res.cloudinary.com/dsdkaxbl3/image/upload/v1765554039/exercise_41.gif
43,back,Lats / Middle Back,One-Arm Dumbbell Row,Dumbbell,Intermediate,Single-arm movement focusing on lats and mid-back thickness.,https://res.cloudinary.com/dsdkaxbl3/image/upload/v1765554039/exercise_42.gif
44,back,Lower Back,Dumbbell Deadlift,Dumbbell,Intermediate,Deadlift variation targeting erector spinae and traps.,https://res.cloudinary.com/dsdkaxbl3/image/upload/v1765554039/exercise_43.gif
45,back,Upper Back / Lats,Incline Dumbbell Row,Dumbbell,Intermediate,Row on incline bench to isolate upper and mid-back.,https://res.cloudinary.com/dsdkaxbl3/image/upload/v1765554039/exercise_44.gif
46,back,Lats,Dumbbell Pullover,Dumbbell,Beginner,Isolation movement for expanding the rib cage and stretching lats.,https://res.cloudinary.com/dsdkaxbl3/image/upload/v1765554039/exercise_45.gif
47,back,Traps,Dumbbell Shrug,Dumbbell,Beginner,Effective for developing upper traps.,https://res.cloudinary.com/dsdkaxbl3/image/upload/v1765554039/exercise_46.gif
48,back,Middle Back,Seated Cable Row,Cable,Beginner,Controlled row for mid-back and rhomboid activation.,https://res.cloudinary.com/dsdkaxbl3/image/upload/v1765554039/exercise_47.gif
49,back,Lats / Upper Back,Lat Pulldown (Wide Grip),Cable,Beginner,Targets lats and upper back width.,https://res.cloudinary.com/dsdkaxbl3/image/upload/v1765554039/exercise_48.gif
50,back,Middle Back / Lats,Lat Pulldown (Close Grip),Cable,Beginner,Emphasizes inner lats and middle back thickness.,https://res.cloudinary.com/dsdkaxbl3/image/upload/v1765554039/exercise_49.gif
51,back,Lats,Straight Arm Pulldown,Cable,Intermediate,Isolation movement focusing on lat stretch and contraction.,https://res.cloudinary.com/dsdkaxbl3/image/upload/v1765554039/exercise_50.gif
52,back,Upper Back / Traps,Face Pull,Cable,Intermediate,"Strengthens rear delts, traps, and upper back.",https://res.cloudinary.com/dsdkaxbl3/image/upload/v1765554039/exercise_51.gif
53,back,Lower Lats,Reverse Grip Seated Row,Cable,Intermediate,Variation for lower lats activation and better contraction.,https://res.cloudinary.com/dsdkaxbl3/image/upload/v1765554039/exercise_52.gif
54,back,Middle Back,Machine Row,Machine,Beginner,Stable rowing motion to build mid-back safely.,https://res.cloudinary.com/dsdkaxbl3/image/upload/v1765554039/exercise_53.gif
55,back,Middle Back / Lats,Hammer Strength Row,Machine,Intermediate,Plate-loaded machine to develop mid and upper back.,https://res.cloudinary.com/dsdkaxbl3/image/upload/v1765554039/exercise_54.gif
56,back,Lats / Upper Back,Machine Lat Pulldown,Machine,Beginner,Controlled vertical pull for lats and upper back width.,https://res.cloudinary.com/dsdkaxbl3/image/upload/v1765554039/exercise_55.gif
57,back,Upper Back / Traps,Reverse Pec Deck (Rear Delt Fly Machine),Machine,Beginner,Works rear delts and traps for upper back development.,https://res.cloudinary.com/dsdkaxbl3/image/upload/v1765554039/exercise_56.gif
58,back,Lower Back,Lower Back Extension (Hyperextension),Machine,Beginner,Strengthens spinal erectors and lower back stability.,https://res.cloudinary.com/dsdkaxbl3/image/upload/v1765554039/exercise_57.gif
59,back,Lats / Upper Back,Pull-Up (Wide Grip),Bodyweight,Intermediate,Excellent compound movement for back width.,https://res.cloudinary.com/dsdkaxbl3/image/upload/v1765554039/exercise_58.gif
60,back,Lats / Middle Back,Chin-Up (Underhand Grip),Bodyweight,Intermediate,Focuses on lower lats and biceps involvement.,https://res.cloudinary.com/dsdkaxbl3/image/upload/v1765554039/exercise_59.gif
61,back,Middle Back,Inverted Row,Bodyweight,Beginner,Horizontal pull for mid-back and scapular control.,https://res.cloudinary.com/dsdkaxbl3/image/upload/v1765554039/exercise_60.gif
62,back,Lower Back,Back Extension (Floor or Bench),Bodyweight,Beginner,Bodyweight version of hyperextension for lower back.,https://res.cloudinary.com/dsdkaxbl3/image/upload/v1765554039/exercise_61.gif
63,back,Middle Back,Resistance Band Row,Band,Beginner,Simulates cable row for mid-back development.,https://res.cloudinary.com/dsdkaxbl3/image/upload/v1765554039/exercise_62.gif
64,back,Lats,Resistance Band Pulldown,Band,Beginner,Alternative to cable pulldown focusing on lats.,https://res.cloudinary.com/dsdkaxbl3/image/upload/v1765554039/exercise_63.gif
65,back,Traps / Upper Back,Resistance Band Face Pull,Band,Beginner,Strengthens traps and upper back with controlled tension.,https://res.cloudinary.com/dsdkaxbl3/image/upload/v1765554039/exercise_64.gif
66,back,Lower Back,Good Morning (Resistance Band),Band,Intermediate,Targets erector spinae for spinal stability and lower back strength.,https://res.cloudinary.com/dsdkaxbl3/image/upload/v1765554039/exercise_65.gif
67,shoulder,Front Delts / Lateral Delts,Overhead Press (Barbell),Barbell,Intermediate,Classic compound press for overall shoulder development.,https://res.cloudinary.com/dsdkaxbl3/image/upload/v1765554039/exercise_66.gif
68,shoulder,Rear Delts / Traps,Behind-the-Neck Press,Barbell,Advanced,Targets rear delts and traps; requires good mobility.,https://res.cloudinary.com/dsdkaxbl3/image/upload/v1765554039/exercise_67.gif
69,shoulder,Front Delts,Front Raise (Barbell),Barbell,Beginner,Isolation movement for front shoulders.,https://res.cloudinary.com/dsdkaxbl3/image/upload/v1765554039/exercise_68.gif
70,shoulder,Lateral Delts / Traps,Upright Row (Barbell),Barbell,Intermediate,Pull bar to chin level to target traps and side delts.,https://res.cloudinary.com/dsdkaxbl3/image/upload/v1765554039/exercise_69.gif
71,shoulder,Front Delts / Traps,Push Press,Barbell,Advanced,Explosive press using leg drive to lift heavier weight overhead.,https://res.cloudinary.com/dsdkaxbl3/image/upload/v1765554039/exercise_70.gif
72,shoulder,Front Delts / Lateral Delts,Dumbbell Shoulder Press,Dumbbell,Intermediate,Free-weight version of overhead press for balanced shoulder development.,https://res.cloudinary.com/dsdkaxbl3/image/upload/v1765554039/exercise_71.gif
73,shoulder,Front Delts / Lateral Delts,Arnold Press,Dumbbell,Intermediate,Rotational dumbbell press engaging all parts of the shoulder.,https://res.cloudinary.com/dsdkaxbl3/image/upload/v1765554039/exercise_72.gif
74,shoulder,Front Delts,Front Dumbbell Raise,Dumbbell,Beginner,Raises dumbbells forward to isolate the anterior deltoid.,https://res.cloudinary.com/dsdkaxbl3/image/upload/v1765554039/exercise_73.gif
75,shoulder,Lateral Delts,Lateral Dumbbell Raise,Dumbbell,Beginner,Raises dumbbells to the sides to widen shoulder appearance.,https://res.cloudinary.com/dsdkaxbl3/image/upload/v1765554039/exercise_74.gif
76,shoulder,Rear Delts / Traps,Bent-Over Reverse Fly,Dumbbell,Intermediate,Isolates the rear deltoid and upper traps.,https://res.cloudinary.com/dsdkaxbl3/image/upload/v1765554039/exercise_75.gif
77,shoulder,Traps,Dumbbell Shrug,Dumbbell,Beginner,Targets upper traps with full contraction at the top.,https://res.cloudinary.com/dsdkaxbl3/image/upload/v1765554039/exercise_76.gif
78,shoulder,Lateral Delts,Cable Lateral Raise,Cable,Intermediate,Constant tension on side delts during the raise.,https://res.cloudinary.com/dsdkaxbl3/image/upload/v1765554039/exercise_77.gif
79,shoulder,Front Delts,Cable Front Raise,Cable,Beginner,Smooth cable movement isolates anterior deltoid.,https://res.cloudinary.com/dsdkaxbl3/image/upload/v1765554039/exercise_78.gif
80,shoulder,Rear Delts / Traps,Reverse Cable Fly (Crossover),Cable,Intermediate,Pull cables apart to target rear delts.,https://res.cloudinary.com/dsdkaxbl3/image/upload/v1765554039/exercise_79.gif
81,shoulder,Rear Delts / Traps,Face Pull (Rope Attachment),Cable,Intermediate,"Strengthens rear delts, traps, and rotator cuff.",https://res.cloudinary.com/dsdkaxbl3/image/upload/v1765554039/exercise_80.gif
82,shoulder,Lateral Delts / Traps,Cable Upright Row,Cable,Intermediate,Pull cable upward for traps and delts activation.,https://res.cloudinary.com/dsdkaxbl3/image/upload/v1765554039/exercise_81.gif
83,shoulder,Front Delts / Lateral Delts,Seated Shoulder Press Machine,Machine,Beginner,Safe and stable press for shoulder development.,https://res.cloudinary.com/dsdkaxbl3/image/upload/v1765554039/exercise_82.gif
84,shoulder,Lateral Delts,Machine Lateral Raise,Machine,Beginner,Isolates side delts in a controlled motion.,https://res.cloudinary.com/dsdkaxbl3/image/upload/v1765554039/exercise_83.gif
85,shoulder,Rear Delts / Traps,Rear Delt Machine Fly,Machine,Beginner,Targets the posterior delts and upper traps.,https://res.cloudinary.com/dsdkaxbl3/image/upload/v1765554039/exercise_84.gif
86,shoulder,Front Delts / Lateral Delts,Smith Machine Overhead Press,Smith Machine,Intermediate,Guided press for shoulders; stable and safe.,https://res.cloudinary.com/dsdkaxbl3/image/upload/v1765554039/exercise_85.gif
87,shoulder,Front Delts,Pike Push-Up,Bodyweight,Intermediate,Bodyweight press variation focusing on front shoulders.,https://res.cloudinary.com/dsdkaxbl3/image/upload/v1765554039/exercise_86.gif
88,shoulder,Front Delts / Traps,Handstand Push-Up,Bodyweight,Advanced,Challenging movement building overhead pressing strength.,https://res.cloudinary.com/dsdkaxbl3/image/upload/v1765554039/exercise_87.gif
89,shoulder,Rear Delts / Traps,Inverted Row to Face Pull,Bodyweight,Intermediate,Combination movement for traps and rear delts.,https://res.cloudinary.com/dsdkaxbl3/image/upload/v1765554039/exercise_88.gif
90,shoulder,Front Delts,Resistance Band Front Raise,Band,Beginner,Simulates front dumbbell raise using resistance bands.,https://res.cloudinary.com/dsdkaxbl3/image/upload/v1765554039/exercise_89.gif
91,shoulder,Lateral Delts,Resistance Band Lateral Raise,Band,Beginner,Simulates dumbbell lateral raise with band resistance.,https://res.cloudinary.com/dsdkaxbl3/image/upload/v1765554039/exercise_90.gif
92,shoulder,Rear Delts / Traps,Resistance Band Pull Apart,Band,Beginner,Simple but effective rear delt and trap activator.,https://res.cloudinary.com/dsdkaxbl3/image/upload/v1765554039/exercise_91.gif
93,shoulder,Traps / Lateral Delts,Farmerâ€™s Carry,Functional,Intermediate,Hold heavy weights and walk to strengthen traps and stabilizers.,https://res.cloudinary.com/dsdkaxbl3/image/upload/v1765554039/exercise_92.gif
94,shoulder,Front Delts / Traps,Overhead Carry,Functional,Advanced,Walk with weights overhead for shoulder stability and strength.,https://res.cloudinary.com/dsdkaxbl3/image/upload/v1765554039/exercise_93.gif
95,arms,Biceps,Barbell Curl,Barbell,Beginner,Classic curl focusing on the main biceps muscle.,https://res.cloudinary.com/dsdkaxbl3/image/upload/v1765554039/exercise_94.gif
96,arms,Biceps,EZ Bar Curl,Barbell,Beginner,Reduces wrist strain while effectively targeting the biceps.,https://res.cloudinary.com/dsdkaxbl3/image/upload/v1765554039/exercise_95.gif
97,arms,Biceps,Reverse Grip Barbell Curl,Barbell,Intermediate,Overhand grip emphasizes forearms and brachialis.,https://res.cloudinary.com/dsdkaxbl3/image/upload/v1765554039/exercise_96.gif
98,arms,Biceps,Close-Grip Barbell Curl,Barbell,Intermediate,Focuses on inner head for peak bicep shape.,https://res.cloudinary.com/dsdkaxbl3/image/upload/v1765554039/exercise_97.gif
99,arms,Biceps,Drag Curl,Barbell,Intermediate,Keeps elbows back to isolate biceps with minimal shoulder involvement.,https://res.cloudinary.com/dsdkaxbl3/image/upload/v1765554039/exercise_98.gif
100,arms,Biceps,Dumbbell Curl,Dumbbell,Beginner,Fundamental exercise for overall biceps growth.,https://res.cloudinary.com/dsdkaxbl3/image/upload/v1765554039/exercise_99.gif
101,arms,Biceps,Alternating Dumbbell Curl,Dumbbell,Beginner,Allows better focus on each arm individually.,https://res.cloudinary.com/dsdkaxbl3/image/upload/v1765554039/exercise_100.gif
102,arms,Biceps,Hammer Curl,Dumbbell,Intermediate,Neutral grip targets brachialis and forearms.,https://res.cloudinary.com/dsdkaxbl3/image/upload/v1765554039/exercise_101.gif
103,arms,Biceps,Concentration Curl,Dumbbell,Intermediate,Isolates biceps for peak contraction.,https://res.cloudinary.com/dsdkaxbl3/image/upload/v1765554039/exercise_102.gif
104,arms,Biceps,Incline Dumbbell Curl,Dumbbell,Intermediate,Stretches biceps for full range of motion.,https://res.cloudinary.com/dsdkaxbl3/image/upload/v1765554039/exercise_103.gif
105,arms,Biceps,Zottman Curl,Dumbbell,Advanced,Combines curl and reverse curl for total arm development.,https://res.cloudinary.com/dsdkaxbl3/image/upload/v1765554039/exercise_104.gif
106,arms,Biceps,Cross-Body Hammer Curl,Dumbbell,Intermediate,Emphasizes inner arm and forearm engagement.,https://res.cloudinary.com/dsdkaxbl3/image/upload/v1765554039/exercise_105.gif
107,arms,Biceps,Cable Curl,Cable,Beginner,Constant tension on biceps throughout the movement.,https://res.cloudinary.com/dsdkaxbl3/image/upload/v1765554039/exercise_106.gif
108,arms,Biceps,Overhead Cable Curl,Cable,Intermediate,Curls with cables overhead for inner biceps focus.,https://res.cloudinary.com/dsdkaxbl3/image/upload/v1765554039/exercise_107.gif
109,arms,Biceps,Reverse Cable Curl,Cable,Intermediate,Targets forearms and deeper biceps muscles.,https://res.cloudinary.com/dsdkaxbl3/image/upload/v1765554039/exercise_108.gif
110,arms,Biceps,Single Arm Cable Curl,Cable,Beginner,Isolates each bicep with controlled tension.,https://res.cloudinary.com/dsdkaxbl3/image/upload/v1765554039/exercise_109.gif
111,arms,Biceps,Rope Hammer Curl (Cable),Cable,Intermediate,Uses rope handle to target inner arm and forearm.,https://res.cloudinary.com/dsdkaxbl3/image/upload/v1765554039/exercise_110.gif
112,arms,Biceps,Preacher Curl Machine,Machine,Beginner,Strict form machine for isolating biceps.,https://res.cloudinary.com/dsdkaxbl3/image/upload/v1765554039/exercise_111.gif
113,arms,Biceps,Seated Curl Machine,Machine,Beginner,Supports arms and limits swinging for focused biceps work.,https://res.cloudinary.com/dsdkaxbl3/image/upload/v1765554039/exercise_112.gif
114,arms,Biceps,Cable Preacher Curl,Machine,Intermediate,Cables provide tension through the full range of motion.,https://res.cloudinary.com/dsdkaxbl3/image/upload/v1765554039/exercise_113.gif
115,arms,Biceps,Machine Reverse Curl,Machine,Intermediate,Machine-assisted reverse curls for forearm emphasis.,https://res.cloudinary.com/dsdkaxbl3/image/upload/v1765554039/exercise_114.gif
116,arms,Biceps,Chin-Up (Underhand Grip),Bodyweight,Intermediate,Bodyweight exercise targeting biceps and back.,https://res.cloudinary.com/dsdkaxbl3/image/upload/v1765554039/exercise_115.gif
117,arms,Biceps,Towel Chin-Up,Bodyweight,Advanced,Enhances grip and forearm strength with biceps activation.,https://res.cloudinary.com/dsdkaxbl3/image/upload/v1765554039/exercise_116.gif
118,arms,Biceps,Resistance Band Curl,Band,Beginner,Simulates dumbbell curl with adjustable resistance.,https://res.cloudinary.com/dsdkaxbl3/image/upload/v1765554039/exercise_117.gif
119,arms,Biceps,Resistance Band Hammer Curl,Band,Beginner,Neutral grip version for inner and forearm muscles.,https://res.cloudinary.com/dsdkaxbl3/image/upload/v1765554039/exercise_118.gif
120,arms,Biceps,Reverse Band Curl,Band,Beginner,Overhand grip band curl for forearms and inner arm.,https://res.cloudinary.com/dsdkaxbl3/image/upload/v1765554039/exercise_119.gif
121,arms,Triceps,Close-Grip Bench Press,Barbell,Intermediate,Compound press that targets triceps while also involving chest and shoulders.,https://res.cloudinary.com/dsdkaxbl3/image/upload/v1765554039/exercise_120.gif
122,arms,Triceps,Barbell Skull Crusher (Lying Triceps Extension),Barbell,Intermediate,Classic isolation movement that emphasizes triceps stretch.,https://res.cloudinary.com/dsdkaxbl3/image/upload/v1765554039/exercise_121.gif
123,arms,Triceps,JM Press,Barbell,Advanced,Hybrid between close-grip press and skull crusher for maximum triceps overload.,https://res.cloudinary.com/dsdkaxbl3/image/upload/v1765554039/exercise_122.gif
124,arms,Triceps,Overhead Barbell Extension,Barbell,Intermediate,Excellent stretch and contraction on the long head.,https://res.cloudinary.com/dsdkaxbl3/image/upload/v1765554039/exercise_123.gif
125,arms,Triceps,Reverse Grip Bench Press,Barbell,Advanced,Unique press variation that targets inner triceps fibers.,https://res.cloudinary.com/dsdkaxbl3/image/upload/v1765554039/exercise_124.gif
126,arms,Triceps,Dumbbell Triceps Kickback,Dumbbell,Beginner,Focused movement for the outer (lateral) head.,https://res.cloudinary.com/dsdkaxbl3/image/upload/v1765554039/exercise_125.gif
127,arms,Triceps,Overhead Dumbbell Extension (Single or Both Hands),Dumbbell,Beginner,Stretches and contracts the long head of the triceps.,https://res.cloudinary.com/dsdkaxbl3/image/upload/v1765554039/exercise_126.gif
128,arms,Triceps,Seated Dumbbell French Press,Dumbbell,Intermediate,Great isolation for the long head with strict control.,https://res.cloudinary.com/dsdkaxbl3/image/upload/v1765554039/exercise_127.gif
129,arms,Triceps,Dumbbell Skull Crusher,Dumbbell,Intermediate,Lying triceps extension using dumbbells for unilateral balance.,https://res.cloudinary.com/dsdkaxbl3/image/upload/v1765554039/exercise_128.gif
130,arms,Triceps,Close-Grip Dumbbell Press,Dumbbell,Intermediate,Press variation emphasizing triceps push power.,https://res.cloudinary.com/dsdkaxbl3/image/upload/v1765554039/exercise_129.gif
131,arms,Triceps,Dumbbell Tate Press,Dumbbell,Advanced,Unique movement activating inner and outer triceps.,https://res.cloudinary.com/dsdkaxbl3/image/upload/v1765554039/exercise_130.gif
132,arms,Triceps,Cable Rope Pushdown,Cable,Beginner,Most popular triceps exercise with constant tension.,https://res.cloudinary.com/dsdkaxbl3/image/upload/v1765554039/exercise_131.gif
133,arms,Triceps,Cable Straight Bar Pushdown,Cable,Beginner,Focuses on the outer triceps with controlled movement.,https://res.cloudinary.com/dsdkaxbl3/image/upload/v1765554039/exercise_132.gif
134,arms,Triceps,Overhead Rope Extension (Cable),Cable,Intermediate,Targets the long head with overhead cable stretch.,https://res.cloudinary.com/dsdkaxbl3/image/upload/v1765554039/exercise_133.gif
135,arms,Triceps,Reverse Grip Cable Pushdown,Cable,Intermediate,Focuses on inner triceps with underhand grip.,https://res.cloudinary.com/dsdkaxbl3/image/upload/v1765554039/exercise_134.gif
136,arms,Triceps,Single Arm Cable Kickback,Cable,Intermediate,"Isolation work for outer triceps, one arm at a time.",https://res.cloudinary.com/dsdkaxbl3/image/upload/v1765554039/exercise_135.gif
137,arms,Triceps,Triceps Dips (Parallel Bars),Bodyweight,Intermediate,Great compound bodyweight move for full triceps activation.,https://res.cloudinary.com/dsdkaxbl3/image/upload/v1765554039/exercise_136.gif
138,arms,Triceps,Bench Dips,Bodyweight,Beginner,Easy bodyweight version for beginners to hit triceps.,https://res.cloudinary.com/dsdkaxbl3/image/upload/v1765554039/exercise_137.gif
139,arms,Triceps,Diamond Push-Up,Bodyweight,Beginner,Close-hand push-up emphasizing triceps contraction.,https://res.cloudinary.com/dsdkaxbl3/image/upload/v1765554039/exercise_138.gif
140,arms,Triceps,Handstand Push-Up (Triceps Focus),Bodyweight,Advanced,Bodyweight overhead press involving triceps and delts.,https://res.cloudinary.com/dsdkaxbl3/image/upload/v1765554039/exercise_139.gif
141,arms,Triceps,Machine Triceps Extension,Machine,Beginner,Safe and guided triceps isolation movement.,https://res.cloudinary.com/dsdkaxbl3/image/upload/v1765554039/exercise_140.gif
142,arms,Triceps,Seated Overhead Triceps Machine,Machine,Beginner,Machine-based overhead motion for long head focus.,https://res.cloudinary.com/dsdkaxbl3/image/upload/v1765554039/exercise_141.gif
143,arms,Triceps,Triceps Press (Smith Machine),Smith Machine,Intermediate,Controlled pressing movement for all triceps heads.,https://res.cloudinary.com/dsdkaxbl3/image/upload/v1765554039/exercise_142.gif
144,arms,Triceps,Resistance Band Pushdown,Band,Beginner,Simulates cable pushdowns using resistance bands.,https://res.cloudinary.com/dsdkaxbl3/image/upload/v1765554039/exercise_143.gif
145,arms,Triceps,Resistance Band Overhead Extension,Band,Beginner,Overhead stretch version for the long head of triceps.,https://res.cloudinary.com/dsdkaxbl3/image/upload/v1765554039/exercise_144.gif
146,arms,Triceps,Resistance Band Kickback,Band,Beginner,Isolation exercise mimicking dumbbell kickback.,https://res.cloudinary.com/dsdkaxbl3/image/upload/v1765554039/exercise_145.gif
147,arms,Triceps,Triceps Extension with Kettlebell,Kettlebell,Intermediate,Overhead or lying variation that stretches triceps deeply.,https://res.cloudinary.com/dsdkaxbl3/image/upload/v1765554039/exercise_146.gif
148,arms,Forearms,Barbell Wrist Curl,Barbell,Beginner,Classic movement for strengthening inner forearms (palm-up).,https://res.cloudinary.com/dsdkaxbl3/image/upload/v1765554039/exercise_147.gif
149,arms,Forearms,Reverse Barbell Wrist Curl,Barbell,Beginner,Focuses on top forearm muscles (palm-down grip).,https://res.cloudinary.com/dsdkaxbl3/image/upload/v1765554039/exercise_148.gif
150,arms,Forearms,Behind-the-Back Barbell Wrist Curl,Barbell,Intermediate,Enhances flexor activation with greater range of motion.,https://res.cloudinary.com/dsdkaxbl3/image/upload/v1765554039/exercise_149.gif
151,arms,Forearms,Barbell Reverse Curl,Barbell,Intermediate,Targets upper forearm and grip strength.,https://res.cloudinary.com/dsdkaxbl3/image/upload/v1765554039/exercise_150.gif
152,arms,Forearms,Zottman Curl,Dumbbell,Advanced,Combines curl and reverse curl for balanced forearm work.,https://res.cloudinary.com/dsdkaxbl3/image/upload/v1765554039/exercise_151.gif
153,arms,Forearms,Dumbbell Wrist Curl,Dumbbell,Beginner,Basic inner forearm exercise performed sitting with wrist support.,https://res.cloudinary.com/dsdkaxbl3/image/upload/v1765554039/exercise_152.gif
154,arms,Forearms,Dumbbell Reverse Wrist Curl,Dumbbell,Beginner,Strengthens the top of the forearm with palms facing down.,https://res.cloudinary.com/dsdkaxbl3/image/upload/v1765554039/exercise_153.gif
155,arms,Forearms,Hammer Curl,Dumbbell,Intermediate,Works both forearm and upper arm muscles with neutral grip.,https://res.cloudinary.com/dsdkaxbl3/image/upload/v1765554039/exercise_154.gif
156,arms,Forearms,Seated Dumbbell Rotation (Wrist Supination/Pronation),Dumbbell,Intermediate,Improves wrist control and forearm stability.,https://res.cloudinary.com/dsdkaxbl3/image/upload/v1765554039/exercise_155.gif
157,arms,Forearms,Cable Reverse Curl (Straight Bar),Cable,Intermediate,Smooth constant resistance for top forearm activation.,https://res.cloudinary.com/dsdkaxbl3/image/upload/v1765554039/exercise_156.gif
158,arms,Forearms,Cable Wrist Curl (Low Pulley),Cable,Intermediate,Controlled movement to target inner forearms.,https://res.cloudinary.com/dsdkaxbl3/image/upload/v1765554039/exercise_157.gif
159,arms,Forearms,Cable Reverse Wrist Curl,Cable,Intermediate,Focused isolation of upper forearms with cables.,https://res.cloudinary.com/dsdkaxbl3/image/upload/v1765554039/exercise_158.gif
160,arms,Forearms,Rope Hammer Curl (Cable),Cable,Intermediate,Builds grip and forearm density with rope handle.,https://res.cloudinary.com/dsdkaxbl3/image/upload/v1765554039/exercise_159.gif
161,arms,Forearms,Wrist Roller (Barbell Plate or Rope Device),Equipment,Advanced,Classic grip and forearm builder using rolling motion.,https://res.cloudinary.com/dsdkaxbl3/image/upload/v1765554039/exercise_160.gif
162,arms,Forearms,Towel Pull-Up / Grip Hang,Bodyweight,Advanced,Builds massive grip and forearm endurance using towel grip.,https://res.cloudinary.com/dsdkaxbl3/image/upload/v1765554039/exercise_161.gif
163,arms,Forearms,Farmer’s Carry,Functional,Intermediate,"Strengthens grip, wrist, and stabilizer muscles.",https://res.cloudinary.com/dsdkaxbl3/image/upload/v1765554039/exercise_162.gif
164,arms,Forearms,Plate Pinch Hold,Equipment,Intermediate,Pinch weight plates together to develop crushing grip strength.,https://res.cloudinary.com/dsdkaxbl3/image/upload/v1765554039/exercise_163.gif
165,arms,Forearms,Reverse Curl (EZ Bar),Barbell,Intermediate,Variation using EZ bar for better comfort.,https://res.cloudinary.com/dsdkaxbl3/image/upload/v1765554039/exercise_164.gif
166,arms,Forearms,Resistance Band Wrist Curl,Band,Beginner,Simulates barbell wrist curl using elastic resistance.,https://res.cloudinary.com/dsdkaxbl3/image/upload/v1765554039/exercise_165.gif
167,arms,Forearms,Resistance Band Reverse Curl,Band,Beginner,Works top forearm using overhand grip.,https://res.cloudinary.com/dsdkaxbl3/image/upload/v1765554039/exercise_166.gif
168,arms,Forearms,Resistance Band Twist (Rotation),Band,Beginner,Strengthens wrist rotation and stabilizer muscles.,https://res.cloudinary.com/dsdkaxbl3/image/upload/v1765554039/exercise_167.gif
169,legs,Quadriceps / Glutes,Barbell Back Squat,Barbell,Intermediate,Classic compound movement targeting quads and glutes.,https://res.cloudinary.com/dsdkaxbl3/image/upload/v1765554039/exercise_168.gif
170,legs,Quadriceps,Front Squat,Barbell,Advanced,Emphasizes the front thighs and core stability.,https://res.cloudinary.com/dsdkaxbl3/image/upload/v1765554039/exercise_169.gif
171,legs,Quadriceps,Hack Squat,Machine,Intermediate,Focused quad exercise with minimal glute activation.,https://res.cloudinary.com/dsdkaxbl3/image/upload/v1765554039/exercise_170.gif
172,legs,Quadriceps / Glutes,Leg Press,Machine,Beginner,Safe heavy leg builder with adjustable foot position.,https://res.cloudinary.com/dsdkaxbl3/image/upload/v1765554039/exercise_171.gif
173,legs,Quadriceps,Leg Extension,Machine,Beginner,Isolation exercise for front thigh development.,https://res.cloudinary.com/dsdkaxbl3/image/upload/v1765554039/exercise_172.gif
174,legs,Quadriceps / Glutes,Dumbbell Goblet Squat,Dumbbell,Beginner,Great for beginners to learn squat form safely.,https://res.cloudinary.com/dsdkaxbl3/image/upload/v1765554039/exercise_173.gif
175,legs,Quadriceps / Glutes,Bodyweight Squat,Bodyweight,Beginner,Fundamental leg movement for all fitness levels.,https://res.cloudinary.com/dsdkaxbl3/image/upload/v1765554039/exercise_174.gif
176,legs,Quadriceps,Wall Sit,Bodyweight,Beginner,Static hold that builds endurance in the front thighs.,https://res.cloudinary.com/dsdkaxbl3/image/upload/v1765554039/exercise_175.gif
177,legs,Hamstrings / Glutes,Romanian Deadlift (RDL),Barbell,Intermediate,Focuses on hamstring stretch and glute engagement.,https://res.cloudinary.com/dsdkaxbl3/image/upload/v1765554039/exercise_176.gif
178,legs,Hamstrings / Glutes,Conventional Deadlift,Barbell,Advanced,Full posterior chain exercise engaging legs and back.,https://res.cloudinary.com/dsdkaxbl3/image/upload/v1765554039/exercise_177.gif
179,legs,Hamstrings,Seated Leg Curl,Machine,Beginner,Works the back of the thighs through full range motion.,https://res.cloudinary.com/dsdkaxbl3/image/upload/v1765554039/exercise_178.gif
180,legs,Hamstrings,Lying Leg Curl,Machine,Beginner,Isolation exercise for hamstrings strength.,https://res.cloudinary.com/dsdkaxbl3/image/upload/v1765554039/exercise_179.gif
181,legs,Hamstrings / Glutes,Dumbbell Romanian Deadlift,Dumbbell,Intermediate,Works posterior chain with free weights.,https://res.cloudinary.com/dsdkaxbl3/image/upload/v1765554039/exercise_180.gif
182,legs,Hamstrings,Resistance Band Leg Curl,Band,Beginner,Simulates lying leg curl for back thigh muscles.,https://res.cloudinary.com/dsdkaxbl3/image/upload/v1765554039/exercise_181.gif
183,legs,Glutes,Barbell Hip Thrust,Barbell,Intermediate,Top glute builder emphasizing contraction at the top.,https://res.cloudinary.com/dsdkaxbl3/image/upload/v1765554039/exercise_182.gif
184,legs,Glutes,Cable Kickback,Cable,Intermediate,Isolates the glutes with controlled cable resistance.,https://res.cloudinary.com/dsdkaxbl3/image/upload/v1765554039/exercise_183.gif
185,legs,Glutes / Hamstrings,Glute Bridge,Bodyweight,Beginner,Strengthens glutes and core using bodyweight.,https://res.cloudinary.com/dsdkaxbl3/image/upload/v1765554039/exercise_184.gif
186,legs,Glutes,Resistance Band Kickback,Band,Beginner,Glute-focused movement that improves tone and control.,https://res.cloudinary.com/dsdkaxbl3/image/upload/v1765554039/exercise_185.gif
187,legs,Glutes / Hamstrings,Resistance Band Hip Thrust,Band,Intermediate,Enhances glute activation during thrust motion.,https://res.cloudinary.com/dsdkaxbl3/image/upload/v1765554039/exercise_186.gif
188,legs,Quadriceps / Glutes,Dumbbell Step-Up,Dumbbell,Intermediate,Builds leg power and balance.,https://res.cloudinary.com/dsdkaxbl3/image/upload/v1765554039/exercise_187.gif
189,legs,Glutes / Hamstrings,Donkey Kick,Bodyweight,Beginner,Great isolation move for glute activation.,https://res.cloudinary.com/dsdkaxbl3/image/upload/v1765554039/exercise_188.gif
190,legs,Glutes / Hamstrings,Cable Pull-Through,Cable,Intermediate,Great for posterior chain and hip drive.,https://res.cloudinary.com/dsdkaxbl3/image/upload/v1765554039/exercise_189.gif
191,legs,Calves,Standing Calf Raise (Machine),Machine,Beginner,Builds the gastrocnemius portion of the calves.,https://res.cloudinary.com/dsdkaxbl3/image/upload/v1765554039/exercise_190.gif
192,legs,Calves,Seated Calf Raise (Machine),Machine,Beginner,Focuses on the soleus part of the calf muscle.,https://res.cloudinary.com/dsdkaxbl3/image/upload/v1765554039/exercise_191.gif
193,legs,Calves,Dumbbell Calf Raise,Dumbbell,Beginner,Simple calf strengthening exercise with dumbbells.,https://res.cloudinary.com/dsdkaxbl3/image/upload/v1765554039/exercise_192.gif
194,legs,Calves,Standing Calf Raise (Bodyweight),Bodyweight,Beginner,Effective calf builder using bodyweight resistance.,https://res.cloudinary.com/dsdkaxbl3/image/upload/v1765554039/exercise_193.gif
195,legs,Abductors (Outer Thighs),Hip Abductor Machine,Machine,Beginner,Targets the outer hip and thigh muscles.,https://res.cloudinary.com/dsdkaxbl3/image/upload/v1765554039/exercise_194.gif
196,legs,Adductors (Inner Thighs),Hip Adductor Machine,Machine,Beginner,Works the inner thigh for stability and balance.,https://res.cloudinary.com/dsdkaxbl3/image/upload/v1765554039/exercise_195.gif
197,legs,Abductors (Outer Thighs),Glute Cable Abduction,Cable,Beginner,Strengthens hip stabilizers and outer thighs.,https://res.cloudinary.com/dsdkaxbl3/image/upload/v1765554039/exercise_196.gif
198,legs,Adductors (Inner Thighs),Glute Cable Adduction,Cable,Beginner,Focuses on inner thigh contraction and control.,https://res.cloudinary.com/dsdkaxbl3/image/upload/v1765554039/exercise_197.gif
199,legs,Abductors / Glutes,Resistance Band Lateral Walk,Band,Beginner,Activates glute medius and outer thighs.,https://res.cloudinary.com/dsdkaxbl3/image/upload/v1765554039/exercise_198.gif
200,abs,Upper Abs,Crunch,Bodyweight,Beginner,Classic ab exercise focusing on the upper section of the abs.,https://res.cloudinary.com/dsdkaxbl3/image/upload/v1765554039/exercise_199.gif
201,abs,Upper Abs,Sit-Up,Bodyweight,Beginner,Full range movement strengthening the entire core.,https://res.cloudinary.com/dsdkaxbl3/image/upload/v1765554039/exercise_200.gif
202,abs,Upper Abs,Cable Crunch,Cable,Intermediate,Adds resistance to upper ab movement for muscle growth.,https://res.cloudinary.com/dsdkaxbl3/image/upload/v1765554039/exercise_201.gif
203,abs,Upper Abs,Machine Crunch,Machine,Beginner,Stable movement for isolating upper abs with support.,https://res.cloudinary.com/dsdkaxbl3/image/upload/v1765554039/exercise_202.gif
204,abs,Upper Abs,Decline Crunch,Bodyweight,Intermediate,Increases difficulty by extending range of motion.,https://res.cloudinary.com/dsdkaxbl3/image/upload/v1765554039/exercise_203.gif
205,abs,Lower Abs,Reverse Crunch,Bodyweight,Beginner,Targets lower abs by lifting hips off the ground.,https://res.cloudinary.com/dsdkaxbl3/image/upload/v1765554039/exercise_204.gif
206,abs,Lower Abs,Leg Raise (Hanging or Lying),Bodyweight,Intermediate,Focuses on the lower abdominal region.,https://res.cloudinary.com/dsdkaxbl3/image/upload/v1765554039/exercise_205.gif
207,abs,Lower Abs,Knee Raise (Hanging / Captains Chair),Bodyweight,Intermediate,Builds strong lower abs and hip flexors.,https://res.cloudinary.com/dsdkaxbl3/image/upload/v1765554039/exercise_206.gif
208,abs,Lower Abs,Cable Leg Raise,Cable,Intermediate,Controlled resistance for lower abs using ankle straps.,https://res.cloudinary.com/dsdkaxbl3/image/upload/v1765554039/exercise_207.gif
209,abs,Lower Abs,Flutter Kicks,Bodyweight,Beginner,Continuous leg motion activating lower abs.,https://res.cloudinary.com/dsdkaxbl3/image/upload/v1765554039/exercise_208.gif
210,abs,Lower Abs,Scissor Kicks,Bodyweight,Beginner,Engages lower abs with alternating leg motion.,https://res.cloudinary.com/dsdkaxbl3/image/upload/v1765554039/exercise_209.gif
211,abs,Upper / Lower Abs,V-Up,Bodyweight,Advanced,Advanced movement engaging entire core.,https://res.cloudinary.com/dsdkaxbl3/image/upload/v1765554039/exercise_210.gif
212,abs,Lower Abs / Obliques,Mountain Climber,Bodyweight,Intermediate,Dynamic core exercise also improving cardio.,https://res.cloudinary.com/dsdkaxbl3/image/upload/v1765554039/exercise_211.gif
213,abs,Transverse Abdominis,Plank,Bodyweight,Beginner,Builds deep core stability and posture.,https://res.cloudinary.com/dsdkaxbl3/image/upload/v1765554039/exercise_212.gif
214,abs,Obliques / Transverse Abdominis,Side Plank,Bodyweight,Intermediate,Strengthens side core and stabilizers.,https://res.cloudinary.com/dsdkaxbl3/image/upload/v1765554039/exercise_213.gif
215,abs,Transverse Abdominis / Glutes,Plank with Leg Lift,Bodyweight,Intermediate,Adds glute engagement to core stability work.,https://res.cloudinary.com/dsdkaxbl3/image/upload/v1765554039/exercise_214.gif
216,abs,Obliques,Russian Twist,Bodyweight,Intermediate,Rotational move focusing on side abs.,https://res.cloudinary.com/dsdkaxbl3/image/upload/v1765554039/exercise_215.gif
217,abs,Obliques / Transverse Abdominis,Cable Woodchopper,Cable,Intermediate,Rotational exercise for strong obliques.,https://res.cloudinary.com/dsdkaxbl3/image/upload/v1765554039/exercise_216.gif
218,abs,Obliques,Oblique Crunch (Side Crunch),Bodyweight,Beginner,Targets side ab muscles effectively.,https://res.cloudinary.com/dsdkaxbl3/image/upload/v1765554039/exercise_217.gif
219,abs,Obliques,Side Bend (Dumbbell),Dumbbell,Beginner,Simple isolation exercise for obliques.,https://res.cloudinary.com/dsdkaxbl3/image/upload/v1765554039/exercise_218.gif
220,abs,Obliques / Lower Abs,Hanging Oblique Raise,Bodyweight,Advanced,Challenging movement for side and lower abs.,https://res.cloudinary.com/dsdkaxbl3/image/upload/v1765554039/exercise_219.gif
221,abs,Transverse Abdominis / Upper Abs,Ab Wheel Rollout,Equipment,Advanced,Builds core depth and strength using ab wheel.,https://res.cloudinary.com/dsdkaxbl3/image/upload/v1765554039/exercise_220.gif
222,abs,Upper Abs / Transverse Abdominis,Stability Ball Crunch,Equipment,Intermediate,Adds instability to engage deep core.,https://res.cloudinary.com/dsdkaxbl3/image/upload/v1765554039/exercise_221.gif
223,abs,Lower Back / Core,Bird Dog,Bodyweight,Beginner,Improves lower back balance and core control.,https://res.cloudinary.com/dsdkaxbl3/image/upload/v1765554039/exercise_222.gif
224,abs,Lower Back,Superman,Bodyweight,Beginner,Strengthens erector spinae and lower back muscles.,https://res.cloudinary.com/dsdkaxbl3/image/upload/v1765554039/exercise_223.gif
225,abs,Lower Back,Back Extension (Machine or Bench),Machine,Intermediate,Controlled movement to strengthen lower back.,https://res.cloudinary.com/dsdkaxbl3/image/upload/v1765554039/exercise_224.gif
226,abs,Lower Back / Hamstrings,Good Morning,Barbell,Advanced,Works lower back and posterior chain together.,https://res.cloudinary.com/dsdkaxbl3/image/upload/v1765554039/exercise_225.gif
227,abs,Transverse Abdominis,Dead Bug,Bodyweight,Beginner,Excellent for core control and spine safety.,https://res.cloudinary.com/dsdkaxbl3/image/upload/v1765554039/exercise_226.gif
228,abs,Transverse Abdominis / Obliques,Pallof Press,Cable,Intermediate,Anti-rotation exercise improving deep core stability.,https://res.cloudinary.com/dsdkaxbl3/image/upload/v1765554039/exercise_227.gif
229,cardio,Running / Full Body,Treadmill Running,Machine,Beginner,Controlled running workout on treadmill for endurance.,https://res.cloudinary.com/dsdkaxbl3/image/upload/v1765554039/exercise_228.gif
230,cardio,Running / Full Body,Outdoor Running,,Beginner,Improves cardiovascular health and stamina.,https://res.cloudinary.com/dsdkaxbl3/image/upload/v1765554039/exercise_229.gif
231,cardio,Running / Lower Body,Sprints (Track or Treadmill),,Intermediate,Short bursts for fat burning and explosive power.,https://res.cloudinary.com/dsdkaxbl3/image/upload/v1765554039/exercise_230.gif
232,cardio,Running / Glutes / Hamstrings,Incline Running,Treadmill,Intermediate,Builds strength and endurance using incline.,https://res.cloudinary.com/dsdkaxbl3/image/upload/v1765554039/exercise_231.gif
233,cardio,Running / Conditioning,Interval Running,,Intermediate,Alternates between fast and slow pace for HIIT-style cardio.,https://res.cloudinary.com/dsdkaxbl3/image/upload/v1765554039/exercise_232.gif
234,cardio,Cycling / Lower Body,Cycling (Stationary Bike),Machine,Beginner,Low-impact cardio improving leg endurance.,https://res.cloudinary.com/dsdkaxbl3/image/upload/v1765554039/exercise_233.gif
235,cardio,Cycling / Lower Body,Outdoor Cycling,Equipment,Intermediate,Builds leg strength and improves cardiovascular fitness.,https://res.cloudinary.com/dsdkaxbl3/image/upload/v1765554039/exercise_234.gif
236,cardio,Cycling / Lower Body,Spin Class (Indoor Cycling),Machine,Intermediate,High-intensity group cycling workout.,https://res.cloudinary.com/dsdkaxbl3/image/upload/v1765554039/exercise_235.gif
237,cardio,Jump Rope / Full Body,Jump Rope (Basic),Equipment,Beginner,Improves coordination and burns calories effectively.,https://res.cloudinary.com/dsdkaxbl3/image/upload/v1765554039/exercise_236.gif
238,cardio,Jump Rope / Full Body,Jump Rope (Double Unders),Equipment,Advanced,D:\Recording 2025-11-17 130529.gif,https://res.cloudinary.com/dsdkaxbl3/image/upload/v1765554039/exercise_237.gif
239,cardio,Jump Rope / Full Body,Jump Rope (Alternating Feet),Equipment,Intermediate,Improves agility and endurance.,https://res.cloudinary.com/dsdkaxbl3/image/upload/v1765554039/exercise_238.gif
241,cardio,HIIT / Full Body,Burpees,Bodyweight,Intermediate,Explosive exercise improving strength and cardio together.,https://res.cloudinary.com/dsdkaxbl3/image/upload/v1765554039/exercise_240.gif
242,cardio,HIIT / Legs,Jump Squats,Bodyweight,Intermediate,Builds power and endurance in legs while elevating heart rate.,https://res.cloudinary.com/dsdkaxbl3/image/upload/v1765554039/exercise_241.gif
243,cardio,HIIT / Core,Mountain Climbers,Bodyweight,Intermediate,Combines cardio and core work for full-body burn.,https://res.cloudinary.com/dsdkaxbl3/image/upload/v1765554039/exercise_242.gif
244,cardio,HIIT / Upper Body,Battle Ropes,Equipment,Intermediate,"Improves endurance, explosiveness, and coordination.",https://res.cloudinary.com/dsdkaxbl3/image/upload/v1765554039/exercise_243.gif
245,cardio,Rowing / Full Body,Rowing Machine,Machine,Beginner,"Engages legs, back, and arms for balanced cardio.",https://res.cloudinary.com/dsdkaxbl3/image/upload/v1765554039/exercise_244.gif
246,cardio,Glutes / Hamstrings / Conditioning,Stair Climber,Machine,Beginner,Builds leg endurance and cardiovascular fitness.,https://res.cloudinary.com/dsdkaxbl3/image/upload/v1765554039/exercise_245.gif
247,cardio,Full Body / Conditioning,Elliptical Trainer,Machine,Beginner,Low-impact cardio machine for all levels.,https://res.cloudinary.com/dsdkaxbl3/image/upload/v1765554039/exercise_246.gif
248,cardio,HIIT / Lower Body,High Knees,Bodyweight,Beginner,Increases heart rate and coordination quickly.,https://res.cloudinary.com/dsdkaxbl3/image/upload/v1765554039/exercise_247.gif
249,cardio,HIIT / Full Body,Jumping Jacks,Bodyweight,Beginner,Simple yet effective warm-up and cardio move.,https://res.cloudinary.com/dsdkaxbl3/image/upload/v1765554039/exercise_248.gif
250,cardio,Cycling / HIIT,Sprint Intervals on Bike,Machine,Intermediate,Combines sprint and rest intervals for max calorie burn.,https://res.cloudinary.com/dsdkaxbl3/image/upload/v1765554039/exercise_249.gif
251,cardio,Rowing / HIIT,Rowing Intervals,Machine,Intermediate,Combines power and endurance for full-body conditioning.,https://res.cloudinary.com/dsdkaxbl3/image/upload/v1765554039/exercise_250.gif
252,cardio,HIIT / Full Body,Shadow Boxing,Bodyweight,Intermediate,Boosts coordination and cardio while engaging core.,https://res.cloudinary.com/dsdkaxbl3/image/upload/v1765554039/exercise_251.gif
253,cardio,Running / HIIT,Treadmill HIIT (Sprints + Walk),Machine,Intermediate,Alternates high-speed sprints with active recovery.,https://res.cloudinary.com/dsdkaxbl3/image/upload/v1765554039/exercise_252.gif
254,cardio,Running / HIIT,Hill Sprints,Outdoor,Advanced,"Builds leg power, endurance, and explosive strength.",https://res.cloudinary.com/dsdkaxbl3/image/upload/v1765554039/exercise_253.gif
255,neck,Front Neck (Flexion),Neck Flexion (Bodyweight),Bodyweight,Beginner,Lie on your back and lift your head forward to strengthen the front neck.,https://res.cloudinary.com/dsdkaxbl3/image/upload/v1765554039/exercise_254.gif
256,neck,Rear Neck (Extension),Neck Extension (Bodyweight),Bodyweight,Beginner,Lie face down and raise your head up to engage rear neck muscles.,https://res.cloudinary.com/dsdkaxbl3/image/upload/v1765554039/exercise_255.gif
257,neck,Side Neck (Lateral Flexion),Lateral Neck Flexion (Bodyweight),Bodyweight,Beginner,Tilt head side-to-side to strengthen lateral neck muscles.,https://res.cloudinary.com/dsdkaxbl3/image/upload/v1765554039/exercise_256.gif
258,neck,Neck Rotation / Mobility,Neck Rotation (Bodyweight),Bodyweight,Beginner,Gently rotate the neck left to right for flexibility and control.,https://res.cloudinary.com/dsdkaxbl3/image/upload/v1765554039/exercise_257.gif
259,neck,Front Neck (Flexion),Neck Flexion (Plate Resistance),Equipment (Weight Plate),Intermediate,Hold a plate on your forehead and move your head forward to add resistance.,https://res.cloudinary.com/dsdkaxbl3/image/upload/v1765554039/exercise_258.gif
260,neck,Rear Neck (Extension),Neck Extension (Plate Resistance),Equipment (Weight Plate),Intermediate,Hold a plate behind your head while lifting for neck strengthening.,https://res.cloudinary.com/dsdkaxbl3/image/upload/v1765554039/exercise_259.gif
261,neck,Side Neck (Lateral Flexion),Lateral Neck Flexion (Plate Resistance),Equipment (Weight Plate),Intermediate,Use a plate on the side of the head to strengthen neck stabilizers.,https://res.cloudinary.com/dsdkaxbl3/image/upload/v1765554039/exercise_260.gif
262,neck,Rear Neck (Extension),Neck Harness Extension,Equipment (Neck Harness),Intermediate,Uses harness attached to weights for resistance training.,https://res.cloudinary.com/dsdkaxbl3/image/upload/v1765554039/exercise_261.gif
263,neck,Front Neck (Flexion),Neck Harness Flexion,Equipment (Neck Harness),Intermediate,Strengthens front neck using weighted harness.,https://res.cloudinary.com/dsdkaxbl3/image/upload/v1765554039/exercise_262.gif
264,neck,Full Neck (All Directions),Isometric Neck Press (Against Hand or Wall),Bodyweight,Beginner,Press head gently against hand or wall for static strength.,https://res.cloudinary.com/dsdkaxbl3/image/upload/v1765554039/exercise_263.gif
265,neck,Front Neck (Flexion),Resistance Band Neck Flexion,Band,Beginner,Strengthens neck using elastic band tension.,https://res.cloudinary.com/dsdkaxbl3/image/upload/v1765554039/exercise_264.gif
266,neck,Rear Neck (Extension),Resistance Band Neck Extension,Band,Beginner,Builds rear neck muscles through band resistance.,https://res.cloudinary.com/dsdkaxbl3/image/upload/v1765554039/exercise_265.gif
267,neck,Side Neck (Lateral Flexion),Resistance Band Lateral Flexion,Band,Beginner,Improves neck stability with side tension.,https://res.cloudinary.com/dsdkaxbl3/image/upload/v1765554039/exercise_266.gif
268,neck,Full Neck / Rear Neck,Bridge (Wrestler’s Bridge),Bodyweight,Advanced,Builds strong posterior neck and balance (used in wrestling).,https://res.cloudinary.com/dsdkaxbl3/image/upload/v1765554039/exercise_267.gif
269,neck,Front Neck,Reverse Bridge (Front Bridge),Bodyweight,Advanced,Strengthens front neck and cervical control.,https://res.cloudinary.com/dsdkaxbl3/image/upload/v1765554039/exercise_268.gif
